頁,頁名,鏡頭,原型,圖層組,寬W px,高H px,X px,Y px,旋轉°,與上一頁,本段秒數,鏡頭總秒數,留下的圖層,概念圖,字卡,地平線北點Y px,旁白（本頁起播）,備註
1,鏡頭01開始,01,S,長圖,8100.0,12802.5,-6885.0,-5531.2,0.0,（第一頁）,,12,L1-銀河、L2-星點、L3-經緯線、L13-深空天體、L14-行星標記、L16-月亮（11-14 18-30）、L17-主角星白點,,11/14 五校聯合觀星｜今晚抬頭，第一眼找誰？,,十一月十四日，五校聯合觀星，地點在新竹尖石。天黑先有一彎眉月，九點前就下山；之後一路暗到清晨。今晚抬頭，第一眼找誰？,開場字卡；人馬座、天鷹座往東緩慢平移（畫面往左＝時間往前），先不開連線
2,鏡頭01結束＝鏡頭02開始,01,S,長圖,8100.0,12802.5,-6390.0,-5531.2,0.0,Match & Move（12.0 秒）,12.0,12,L1-銀河、L2-星點、L3-經緯線、L13-深空天體、L14-行星標記、L16-月亮（11-14 18-30）、L17-主角星白點、L19-標籤-亮星名、L21-標籤-中國星官,,11/14 五校聯合觀星｜今晚抬頭，第一眼找誰？,,五點零九分日落，六點半天全黑。西南方那彎眉月，只亮兩成多，就在人馬座的南斗旁邊；它九點前沉到山後，才是拍深空的時間。,推近眉月（18:30 的位置）與人馬座南斗；結束後疊方位卡 18:30（西南方）
3,鏡頭02結束,02,Z,長圖,11435.3,18074.1,-9615.2,-8744.1,0.0,Match & Move（13.0 秒）,13.0,13,L1-銀河、L2-星點、L3-經緯線、L6-連線-人馬、L16-月亮（11-14 18-30）、L13-深空天體、L14-行星標記、L17-主角星白點、L18-標籤-星座名、L19-標籤-亮星名、L21-標籤-中國星官,,,,,
4,鏡頭02-概念圖,02,Z,長圖,11435.3,18074.1,-9615.2,-8744.1,0.0,Match & Move（畫面不動；概念圖淡入）,,13,L1-銀河、L2-星點、L3-經緯線、L6-連線-人馬、L16-月亮（11-14 18-30）、L13-深空天體、L14-行星標記、L17-主角星白點,C-B02-01_方位_1830西南_合成層_透明.png,,,,
5,鏡頭02-概念圖收＝鏡頭03開始,02,Z,長圖,11435.3,18074.1,-9615.2,-8744.1,0.0,Match & Move（畫面不動；概念圖淡出）,,13,L1-銀河、L2-星點、L3-經緯線、L6-連線-人馬、L16-月亮（11-14 18-30）、L13-深空天體、L14-行星標記、L17-主角星白點、L18-標籤-星座名、L19-標籤-亮星名、L21-標籤-中國星官,,,,先認方向：西邊十公里是竹東，西北是新竹、竹北，北邊是關西、中壢、桃園，這半圈都有光害；東邊到南邊，往山裡最暗。天鵝座的北美星雲在西北，十點前拍完。,往北（上）滑到天鵝座與北美星雲；結束後疊光害方位卡（兩層：城鎮 → 最暗的方向）
6,鏡頭03結束,03,Z,長圖,9720.0,15363.0,-7398.0,-6208.5,0.0,Match & Move（15.0 秒）,15.0,15,L1-銀河、L2-星點、L3-經緯線、L5-連線-夏季大三角、L13-深空天體、L14-行星標記、L17-主角星白點、L18-標籤-星座名、L19-標籤-亮星名、L20-標籤-天體,,,,,
7,鏡頭03-概念圖1,03,Z,長圖,9720.0,15363.0,-7398.0,-6208.5,0.0,Match & Move（畫面不動；概念圖第 1 層淡入）,,15,L1-銀河、L2-星點、L3-經緯線、L5-連線-夏季大三角、L13-深空天體、L14-行星標記、L17-主角星白點,C-B02-02_光害方位_城鎮層_透明.png,,,,
8,鏡頭03-概念圖2,03,Z,長圖,9720.0,15363.0,-7398.0,-6208.5,0.0,Match & Move（畫面不動；概念圖第 2 層淡入）,,15,L1-銀河、L2-星點、L3-經緯線、L5-連線-夏季大三角、L13-深空天體、L14-行星標記、L17-主角星白點,C-B02-02_光害方位_城鎮層_透明.png＋C-B02-02_光害方位_暗區層_透明.png,,,,
9,鏡頭03-概念圖收＝鏡頭04開始,03,Z,長圖,9720.0,15363.0,-7398.0,-6208.5,0.0,Match & Move（畫面不動；概念圖淡出）,,15,L1-銀河、L2-星點、L3-經緯線、L5-連線-夏季大三角、L13-深空天體、L14-行星標記、L17-主角星白點、L18-標籤-星座名、L19-標籤-亮星名、L20-標籤-天體,,,,天一黑，第一個看土星：九點前後升到正南，仰角六十六度，今晚最高。望遠鏡看得到環，今年只斜六度，是扁扁的一圈。,往東（左）滑到土星（行星標記：琥珀圈），在雙魚座與鯨魚座交界
10,鏡頭04結束＝鏡頭05開始,04,Z,長圖,12960.0,20484.0,-7956.0,-9210.0,0.0,Match & Move（12.0 秒）,12.0,12,L1-銀河、L2-星點、L3-經緯線、L8-連線-雙魚鯨魚玉夫、L13-深空天體、L14-行星標記、L17-主角星白點、L19-標籤-亮星名,,,,九點這條子午線上，排成一整條：頭頂偏北是兩百五十萬光年外的仙女座大星系，正南是土星，再往下二十六度，還有一個側著的大星系——玉夫座星系。,拉遠成 21:00 的子午線（仙女座大星系 21:04、土星 20:56、玉夫座星系 21:09 過中天）；結束後疊方位卡 21:00（南方）
11,鏡頭05結束,05,Z,長圖,7776.0,12290.4,-4536.0,-5034.0,0.0,Match & Move（15.0 秒）,15.0,15,L1-銀河、L2-星點、L3-經緯線、L7-連線-飛馬仙女、L8-連線-雙魚鯨魚玉夫、L13-深空天體、L14-行星標記、L17-主角星白點、L19-標籤-亮星名、L20-標籤-天體,,,,,
12,鏡頭05-概念圖,05,Z,長圖,7776.0,12290.4,-4536.0,-5034.0,0.0,Match & Move（畫面不動；概念圖淡入）,,15,L1-銀河、L2-星點、L3-經緯線、L7-連線-飛馬仙女、L8-連線-雙魚鯨魚玉夫、L13-深空天體、L14-行星標記、L17-主角星白點,C-B02-03_方位_2100南方_合成層_透明.png,,,,
13,鏡頭05-概念圖收＝鏡頭06開始,05,Z,長圖,7776.0,12290.4,-4536.0,-5034.0,0.0,Match & Move（畫面不動；概念圖淡出）,,15,L1-銀河、L2-星點、L3-經緯線、L7-連線-飛馬仙女、L8-連線-雙魚鯨魚玉夫、L13-深空天體、L14-行星標記、L17-主角星白點、L19-標籤-亮星名、L20-標籤-天體,,,,午夜十二點零九分，昴宿星團升到正頭頂，仰角八十九度。旁邊是金牛座北流星雨的輻射點：十二日剛過極大，每小時大約五顆，很慢，偶爾有火流星。,往東滑到昴宿（00:09 過中天）；輻射點（流星雨輻射點層）在昴宿東南 2°
14,鏡頭06結束＝鏡頭07開始,06,Z,長圖,12960.0,20484.0,-6156.0,-8526.0,0.0,Match & Move（14.0 秒）,14.0,14,L1-銀河、L2-星點、L3-經緯線、L9-連線-金牛英仙御夫、L15-流星雨輻射點、L13-深空天體、L14-行星標記、L17-主角星白點、L19-標籤-亮星名、L20-標籤-天體,,,,十點半以後，獵戶座爬過東邊的山；兩點前後升到正南，獵戶座大星雲仰角六十度。馬頭、火焰、玫瑰星雲，都在這段時間最高。,往下（南）滑到獵戶座、玫瑰星雲；結束後疊 9:16 攝影時間窗（可存圖）
15,鏡頭07結束,07,Z,長圖,9720.0,15363.0,-3726.0,-6829.5,0.0,Match & Move（12.0 秒）,12.0,12,L1-銀河、L2-星點、L3-經緯線、L10-連線-獵戶大犬雙子、L9-連線-金牛英仙御夫、L13-深空天體、L14-行星標記、L17-主角星白點、L18-標籤-星座名、L19-標籤-亮星名、L20-標籤-天體,,,,,
16,鏡頭07-概念圖,07,Z,長圖,9720.0,15363.0,-3726.0,-6829.5,0.0,Match & Move（畫面不動；概念圖淡入）,,12,L1-銀河、L2-星點、L3-經緯線、L10-連線-獵戶大犬雙子、L9-連線-金牛英仙御夫、L13-深空天體、L14-行星標記、L17-主角星白點,C-B02-04_攝影時間窗_圖卡.png,,,,
17,鏡頭07-概念圖收＝鏡頭08開始,07,Z,長圖,9720.0,15363.0,-3726.0,-6829.5,0.0,Match & Move（畫面不動；概念圖淡出）,,12,L1-銀河、L2-星點、L3-經緯線、L10-連線-獵戶大犬雙子、L9-連線-金牛英仙御夫、L13-深空天體、L14-行星標記、L17-主角星白點、L18-標籤-星座名、L19-標籤-亮星名、L20-標籤-天體,,,,午夜前，火星和木星一起從東方升起，只差三分鐘。清晨四點升到東方仰角五十七度：火星偏紅、木星最亮，相距一點三度——十六日最接近。,往東滑到獅子座：火星（紅圈）、木星（白圈）、軒轅十四；結束後疊方位卡 04:00（東方）
18,鏡頭08結束,08,Z,長圖,11435.3,18074.1,-2636.5,-7632.4,0.0,Match & Move（13.0 秒）,13.0,13,L1-銀河、L2-星點、L3-經緯線、L11-連線-獅子巨蟹、L13-深空天體、L14-行星標記、L17-主角星白點、L18-標籤-星座名、L19-標籤-亮星名,,,,,
19,鏡頭08-概念圖,08,Z,長圖,11435.3,18074.1,-2636.5,-7632.4,0.0,Match & Move（畫面不動；概念圖淡入）,,13,L1-銀河、L2-星點、L3-經緯線、L11-連線-獅子巨蟹、L13-深空天體、L14-行星標記、L17-主角星白點,C-B02-05_方位_0400東方_合成層_透明.png,,,,
20,鏡頭08-概念圖收＝鏡頭09開始,08,Z,長圖,11435.3,18074.1,-2636.5,-7632.4,0.0,Match & Move（畫面不動；概念圖淡出）,,13,L1-銀河、L2-星點、L3-經緯線、L11-連線-獅子巨蟹、L13-深空天體、L14-行星標記、L17-主角星白點、L18-標籤-星座名、L19-標籤-亮星名,,,,離木星四度多，是獅子座最亮的軒轅十四。一般雙筒望遠鏡，一個視野就裝得下這三顆，連木星的衛星都看得到。,推近火星、木星、軒轅十四；結束後疊概念圖 火木相合（兩層：雙筒視野 → 11/13–11/17 火星的位置）
21,鏡頭09結束,09,Z,長圖,27771.4,43894.3,-6942.9,-20061.4,0.0,Match & Move（12.0 秒）,12.0,12,L1-銀河、L2-星點、L3-經緯線、L11-連線-獅子巨蟹、L13-深空天體、L14-行星標記、L17-主角星白點、L19-標籤-亮星名,,,,,
22,鏡頭09-概念圖1,09,Z,長圖,27771.4,43894.3,-6942.9,-20061.4,0.0,Match & Move（畫面不動；概念圖第 1 層淡入）,,12,L1-銀河、L2-星點、L3-經緯線、L11-連線-獅子巨蟹、L13-深空天體、L14-行星標記、L17-主角星白點,C-B02-06_火木相合_視野層_透明.png,,,,
23,鏡頭09-概念圖2,09,Z,長圖,27771.4,43894.3,-6942.9,-20061.4,0.0,Match & Move（畫面不動；概念圖第 2 層淡入）,,12,L1-銀河、L2-星點、L3-經緯線、L11-連線-獅子巨蟹、L13-深空天體、L14-行星標記、L17-主角星白點,C-B02-06_火木相合_視野層_透明.png＋C-B02-06_火木相合_軌跡層_透明.png,,,,
24,鏡頭09-概念圖收＝鏡頭10開始,09,Z,長圖,27771.4,43894.3,-6942.9,-20061.4,0.0,Match & Move（畫面不動；概念圖淡出）,,12,L1-銀河、L2-星點、L3-經緯線、L11-連線-獅子巨蟹、L13-深空天體、L14-行星標記、L17-主角星白點、L19-標籤-亮星名,,,,獅子的頭，也是獅子座流星雨的輻射點，兩點以後越升越高。極大在十七日深夜到十八日清晨，今晚還早，流星不多，但每一顆都很快。,拉遠到獅子座：輻射點（流星雨輻射點層）在獅子頭的鐮刀
25,鏡頭10結束＝鏡頭11開始,10,Z,長圖,10800.0,17070.0,-2220.0,-7065.0,0.0,Match & Move（12.0 秒）,12.0,12,L1-銀河、L2-星點、L3-經緯線、L11-連線-獅子巨蟹、L15-流星雨輻射點、L13-深空天體、L14-行星標記、L17-主角星白點、L18-標籤-星座名、L20-標籤-天體,,,,四點五十二分，天開始亮。五點前後，東南東低空冒出全天最亮的金星，負四點四等；望遠鏡裡是一彎細細的眉月，旁邊一度半是角宿一。,往東滑到室女座：金星（11/15 05:00 的位置）與角宿一；結束後疊方位卡 05:00（東南東）
26,鏡頭11結束,11,Z,長圖,12960.0,20484.0,-1116.0,-9570.0,0.0,Match & Move（14.0 秒）,14.0,14,L1-銀河、L2-星點、L3-經緯線、L12-連線-室女、L13-深空天體、L14-行星標記、L17-主角星白點、L18-標籤-星座名、L19-標籤-亮星名,,,,,
27,鏡頭11-概念圖,11,Z,長圖,12960.0,20484.0,-1116.0,-9570.0,0.0,Match & Move（畫面不動；概念圖淡入）,,14,L1-銀河、L2-星點、L3-經緯線、L12-連線-室女、L13-深空天體、L14-行星標記、L17-主角星白點,C-B02-07_方位_0500東南東_合成層_透明.png,,,,
28,鏡頭11-概念圖收＝鏡頭12開始,11,Z,長圖,12960.0,20484.0,-1116.0,-9570.0,0.0,Match & Move（畫面不動；概念圖淡出）,,14,L1-銀河、L2-星點、L3-經緯線、L12-連線-室女、L13-深空天體、L14-行星標記、L17-主角星白點、L19-標籤-亮星名,,,,山谷的夜露水很重，鏡頭要掛加熱帶、帶足行動電源；東北季風來的時候，雲會從山谷灌上來，出發前先看衛星雲圖。,拉遠成東半天全景（全部連線）；這格沒有標籤，留給字幕
29,鏡頭12結束＝鏡頭13開始,12,Z,長圖,7476.9,11817.7,-1744.6,-4907.3,0.0,Match & Move（12.0 秒）,12.0,12,L1-銀河、L2-星點、L3-經緯線、L4-星座連線、L13-深空天體、L14-行星標記、L15-流星雨輻射點、L17-主角星白點,,,,眉月、土星、頭頂的昴宿，天亮前的火星、木星和金星——十一月十四日，尖石見。,往西拉回、全部連線亮起；疊 9:16 今晚時間表（可存圖）；端卡＋追蹤 CTA
30,鏡頭13結束,13,Z,長圖,7476.9,11817.7,-2783.1,-4865.8,0.0,Match & Move（9.0 秒）,9.0,9,L1-銀河、L2-星點、L3-經緯線、L4-星座連線、L13-深空天體、L14-行星標記、L15-流星雨輻射點、L17-主角星白點,,11/14 尖石見｜追蹤師大天文社,,,
31,鏡頭13-概念圖,13,Z,長圖,7476.9,11817.7,-2783.1,-4865.8,0.0,Match & Move（畫面不動；概念圖淡入）,,9,L1-銀河、L2-星點、L3-經緯線、L4-星座連線、L13-深空天體、L14-行星標記、L15-流星雨輻射點、L17-主角星白點,C-B02-08_今晚時間表_圖卡.png,11/14 尖石見｜追蹤師大天文社,,,
32,鏡頭13-概念圖收,13,Z,長圖,7476.9,11817.7,-2783.1,-4865.8,0.0,Match & Move（畫面不動；概念圖淡出）,,9,L1-銀河、L2-星點、L3-經緯線、L4-星座連線、L13-深空天體、L14-行星標記、L15-流星雨輻射點、L17-主角星白點,,11/14 尖石見｜追蹤師大天文社,,,
