項目,原文,拼音,英文翻譯,中文,顏色,來源／備註
HIP 91262,織女星,,,織女星,#6FA8FF,台灣通行星名
HIP 97649,牛郎星,,,牛郎星,#6FA8FF,台灣通行星名
HIP 102098,天津四,,,天津四,#6FA8FF,台灣通行星名
HIP 92855,斗宿四,,,斗宿四,#FFC94A,台灣通行星名
HIP 113368,北落師門,,,北落師門,#6FA8FF,台灣通行星名
HIP 3419,土司空,,,土司空,#6FA8FF,台灣通行星名
HIP 113963,室宿一,,,室宿一,#B78AFF,台灣通行星名
HIP 677,壁宿二,,,壁宿二,#B78AFF,台灣通行星名
HIP 21421,畢宿五,,,畢宿五,#FFC94A,台灣通行星名
HIP 24608,五車二,,,五車二,#FFC94A,台灣通行星名
HIP 27989,參宿四,,,參宿四,#FFC94A,台灣通行星名
HIP 24436,參宿七,,,參宿七,#FFC94A,台灣通行星名
HIP 32349,天狼星,,,天狼星,#6FA8FF,台灣通行星名
HIP 37279,南河三,,,南河三,#FFFFFF,台灣通行星名
HIP 37826,北河三,,,北河三,#7BD88F,台灣通行星名
HIP 49669,軒轅十四,,,軒轅十四,#FF6B6B,台灣通行星名
HIP 65474,角宿一,,,角宿一,#7BD88F,台灣通行星名
中-南斗,南斗,,,南斗,#FFC94A,中國星官（Stellarium chinese）
中-昴宿,昴宿,,,昴宿,#FFC94A,中國星官（Stellarium chinese）
中-軒轅,軒轅,,,軒轅,#FF6B6B,中國星官（Stellarium chinese）
中-角宿,角宿,,,角宿,#7BD88F,中國星官（Stellarium chinese）
Cyg,Cyg,,,天鵝座,#6FA8FF,IAU 星座；連線 Stellarium western
Lyr,Lyr,,,天琴座,#6FA8FF,IAU 星座；連線 Stellarium western
Aql,Aql,,,天鷹座,#6FA8FF,IAU 星座；連線 Stellarium western
Sgr,Sgr,,,人馬座,#FFC94A,IAU 星座；連線 Stellarium western
Peg,Peg,,,飛馬座,#B78AFF,IAU 星座；連線 Stellarium western
And,And,,,仙女座,#B78AFF,IAU 星座；連線 Stellarium western
Tri,Tri,,,三角座,#B78AFF,IAU 星座；連線 Stellarium western
Psc,Psc,,,雙魚座,#6FA8FF,IAU 星座；連線 Stellarium western
Cet,Cet,,,鯨魚座,#6FA8FF,IAU 星座；連線 Stellarium western
Scl,Scl,,,玉夫座,#6FA8FF,IAU 星座；連線 Stellarium western
PsA,PsA,,,南魚座,#6FA8FF,IAU 星座；連線 Stellarium western
Tau,Tau,,,金牛座,#FFC94A,IAU 星座；連線 Stellarium western
Per,Per,,,英仙座,#FF6B6B,IAU 星座；連線 Stellarium western
Aur,Aur,,,御夫座,#FFC94A,IAU 星座；連線 Stellarium western
Ori,Ori,,,獵戶座,#FFC94A,IAU 星座；連線 Stellarium western
CMa,CMa,,,大犬座,#6FA8FF,IAU 星座；連線 Stellarium western
Gem,Gem,,,雙子座,#7BD88F,IAU 星座；連線 Stellarium western
Cnc,Cnc,,,巨蟹座,#FF6B6B,IAU 星座；連線 Stellarium western
Leo,Leo,,,獅子座,#FF6B6B,IAU 星座；連線 Stellarium western
Vir,Vir,,,室女座,#7BD88F,IAU 星座；連線 Stellarium western
亮星名｜HIP 91262,織女星,,,,#6FA8FF,
亮星名｜HIP 97649,牛郎星,,,,#6FA8FF,
亮星名｜HIP 102098,天津四,,,,#6FA8FF,
亮星名｜HIP 92855,斗宿四,,,,#FFC94A,
亮星名｜HIP 113368,北落師門,,,,#6FA8FF,
亮星名｜HIP 3419,土司空,,,,#6FA8FF,
亮星名｜HIP 113963,室宿一,,,,#B78AFF,
亮星名｜HIP 677,壁宿二,,,,#B78AFF,
亮星名｜HIP 21421,畢宿五,,,,#FFC94A,
亮星名｜HIP 24608,五車二,,,,#FFC94A,
亮星名｜HIP 27989,參宿四,,,,#FFC94A,
亮星名｜HIP 24436,參宿七,,,,#FFC94A,
亮星名｜HIP 32349,天狼星,,,,#6FA8FF,
亮星名｜HIP 37279,南河三,,,,#FFFFFF,
亮星名｜HIP 37826,北河三,,,,#7BD88F,
亮星名｜HIP 49669,軒轅十四,,,,#FF6B6B,
亮星名｜HIP 65474,角宿一,,,,#7BD88F,
