編號,系列,標題（工作名）,一句鉤子/賣點,素材來源,星圖素材需求,時長,建議發布,Reels 策略,狀態,備註（星空對時／節慶）
H-七夕,特別短鉤子,七夕：牛郎織女隔著的不只是銀河,「一年見一次？光走過去就要 16 年」,03_星點座標表（Vega/Altair）,北盤＋夏季大三角連線＋標籤層,30–45s,2026/08/19（三）,開播首發＋試播Reels＋置頂,腳本待寫,七夕當天；結尾預告 A-01
A-01,A 萬國星空,天上為什麼是一條龍？——中國四象與青龍,「西方人畫獅子，中國人畫一條橫跨 90° 的龍」,pptx p.4–11＋Chinese in Asia.csv,北盤＋青龍七宿連線層,150–180s,2026/08/21（五）,3分內吃滿觸及＋首留言放考據長文＋輪播圖卡沉澱,腳本進行中,八月傍晚天蠍人馬當空＝青龍在天
A-02,A 萬國星空,三垣：天上的紫禁城,「星盤正中心就是天帝的皇宮」,pptx＋Chinese CSV（紫微/太微/天市三垣星官）,北盤＋三垣城牆連線層；Match&Move 繞極旋轉,150–180s,2026/08/28（五）,招牌旋轉運鏡集＋圖卡,腳本待寫,紫微垣＝星盤中心、全年可用
A-03,A 萬國星空,玄武：馱著洛書上天的龜蛇,「夏朝人的圖騰爬上秋夜星空」,pptx p.12–13＋Chinese CSV（斗牛女虛危室壁）,北盤＋玄武七宿連線層,150–180s,2026/09/04（五）,圖卡沉澱,腳本待寫,九月傍晚玄武七宿當空
A-04,A 萬國星空,韓國：印在一萬元鈔票上的星圖,「全世界最流通的星圖在錢包裡」,Korean in Asia.csv（271星官）＋korean description,北盤＋天象列次分野之圖代表星官連線層,150–180s,2026/09/11（五）,冷知識強鉤子＋試播,腳本待寫,天象列次分野之圖／與中國星官同源對比
A-05,A 萬國星空,日本月站：古墳天花板上的星空,「奈良古墳裡藏著 1300 年前的星圖」,Japanese lunar stations 資料,北盤＋28宿標記層,150–180s,2026/09/18（五）,圖卡,腳本待寫,高松塚/龜虎古墳、妙見信仰
A-06,A 萬國星空,中秋特輯｜二十八宿：月亮的 28 間驛站,「四個文明都幫月亮蓋了 28 間房」,pptx p.23＋Arabic Lunar/Indian/Japanese 三份CSV,北盤＋28宿全環標記層（跨文化對照）,180s,2026/09/25（五・中秋）,中秋話題檔＋Collab 邀他社＋圖卡,腳本待寫,中秋當天；跨文化旗艦
A-07,A 萬國星空,蒙古：北斗是七位老人,「同一個勺子換個草原就換了故事」,Mongolian in Asia.csv,北盤＋北斗連線層（示範檔已有）,150s,2026/10/02（五）,承接 A-06 流量,腳本待寫,北斗低垂季前最後檔期
A-08,A 萬國星空,西伯利亞：獵人、馴鹿與三星,「泰加林的獵人一路追到天上」,Siberian in Asia.csv,北盤＋獵戶三星/北斗標記,120–150s,2026/10/09（五）,短小精悍集,腳本待寫,僅3星座＝小而美一集
C-01,C 深度番外,古中國人以為天空長什麼樣？——論天三家,「傘蓋、雞蛋、還是根本沒有殼？」,pptx p.24–31,概念示意動畫＋星盤輔助,180s,2026/10/16（五）,學術權威建立＋圖卡收藏向,腳本待寫,蓋天/渾天/宣夜三說一次講清
C-02,C 深度番外,地有四游：比伽利略早一千年的相對運動,「舟行而人不覺——寫在漢代緯書裡」,pptx p.32–33,示意動畫為主,150s,2026/10/23（五）,知識反差鉤子,腳本待寫,孫吳天文＋《考靈曜》
C-03,C 深度番外,麒麟與倮獸：消失的第五象,「四象其實可能是五象」,pptx p.14–15、20–21,北盤＋軒轅/弧矢/北方神鹿標記層,150s,2026/10/30（五）,獨家考據＝護城河內容,腳本待寫,東胡神鹿承接蒙古集
A-09,A 萬國星空,夏威夷星線：不用儀器橫渡太平洋,「四條星線＝波里尼西亞人的 GPS」,Hawaiian in Oceania.csv（4星線+70具名星）＋hawaiian description,北盤＋Ke Ka o Makali'i 星線連線層,150–180s,2026/11/06（五）,航海故事強敘事＋Collab 潛力,腳本待寫,Makali'i 星線（獵戶昴宿）11月起升空
A-10,A 萬國星空,東加：星星的名字就是航線,「Toloa 野鴨帶你飛回家」,Tongan in Oceania.csv（含社團座標補充）,南盤＋星路連線層,150s,2026/11/13（五）,南盤首登場,腳本待寫,天狼/老人星升起季
A-11,A 萬國星空,阿努塔：半平方公里小島的星空智慧,「一座 0.4 km² 的島，記著整片星海」,Anutan in Oceania.csv（含每星座用途描述）,南盤＋Manu 大鳥連線層,293s,2026/11/20（五）,小島大知識反差,逐字稿 v2＋素材完成（原標題「全世界最小島嶼」不成立，已改）,Manu（天狼-老人-南河三）升空
X-01,X 跨文化專題,昴宿環球之旅：七姊妹的一百個名字,「同一團星：日本叫すばる、毛利叫 Matariki、司馬遷叫它髦頭」,Stellarium 新舊兩版 40 多個文化的昴宿條目＋各文化CSV（毛利/夏威夷/東加/布吉斯/黑腳/中國…）,長圖帶狀＋昴宿特寫（8 種文化連線層＋12 組名稱標籤；不用盤）,275s,2026/11/27（五）,旗艦跨界集＋Collab＋Remix開放（圖卡「一百個名字」可存圖）,逐字稿 v1＋素材完成（原鉤子「白虎的胃」有誤：昴是白虎第四宿昴，已改；集數 EP16，A-12 起順延）,11月底昴宿整夜可見（衝日）；11/24 傍晚滿月掩昴（台北可見）
A-12,A 萬國星空,白虎：參宿與西羌的冬夜,「獵戶的腰帶，是白虎的三顆星」,pptx p.16–17＋Chinese CSV（奎婁胃昴畢觜參）,長圖帶狀＋白虎七宿／倉／刑／天街連線層（不用盤）,280s,2026/12/04（五）,四象第三彈＋圖卡,逐字稿 v2＋素材完成（白虎＝西羌標為推論）,獵戶傍晚升起；昴宿 22:49 過天頂；四象回歸
A-13,A 萬國星空,阿拉伯半島：Thurayya 與沙漠的雨季,「貝都因人看昴宿知道何時下雨」（nawʾ 星候雨：黎明西沉的那一站帶雨，昴宿的雨最多；伊斯蘭以前的信仰）,Arabic Arabian Peninsula.csv（45星座）＋Stellarium description／names_dictionary＋Ibn Qutayba《Kitāb al-Anwāʾ》＋qirān 諺語,長圖帶狀（28 月站）＋北盤（Naʿsh 的女兒繞小山羊）＋月亮／金星標記層；概念圖 3 組＋圖卡 2 張（此文化沒有「雙魚大星座」，該處是水桶站，已改）,283s,2026/12/11（五）,接力 X-01 昴宿話題＋圖卡「沙漠星名小辭典」可存圖,逐字稿 v1（已查核）＋素材＋Canva 完成,昴宿全盛季；月站文化前導；12/7 大雪＝最冷四十天 al-Murabbaʿāniyya 起；12/21 夜＝第十三晚月會昴宿（冬至 12/22 04:50）；12/12 清晨金星 al-Hawdān 之星（天蠍頭貼地平，12/20 前後較好找）
A-14,A 萬國星空,因紐特：極夜裡的星鐘,「太陽一個半月不升起，他們用星星讀時間」（Igloolik 69°N：11/29→1/12–14；「兩個月」要到北緯 71°）,Inuit in America.csv＋MacDonald《The Arctic Sky》（Igloolik 長老口述）＋Stellarium inuit,北盤（Igloolik 面北＋山＝地平線，整夜旋轉）＋長圖（Aagjuuk／追熊／天狼星）＋連線 6 組（馴鹿與鎖骨、狼群、燈架與油袋、Aagjuuk、扁擔、追熊）＋魚叉疊圖；概念圖 4 組＋圖卡 2 張,288s,2026/12/18（五）,冬至前檔期＝極夜話題＋圖卡「因紐特星名小辭典」可存圖,逐字稿 v1（已查核）＋素材＋Canva 完成,冬至週（12/22 04:50）；Aagjuuk（牛郎＋河鼓三）十二月第二週黎明初見＝老一輩的冬至報時星（1990/12/19 社區廣播）；12/21–25 Igloolik 月亮拱極（滿月 12/24）；結尾接 A-15：畢宿＝因紐特的狗群＝北歐的狼嘴
H-冬至,特別短鉤子,冬至：一根棍子如何量出一年,「觀象授時——古人用影子做日曆」,pptx p.6（觀象授時）,圭表示意＋星盤,30–45s,2026/12/22（二・冬至）,節氣話題＋導流 C-01,腳本待寫,冬至當天
A-15,A 萬國星空,北歐：Yule 之夜的狼與神駒,「聖誕節以前，北歐人過 Yule：天上有一張狼嘴，張在日月的路邊」（原「追日的天狼」已改：Úlfs kjaptr＝畢宿的狼嘴，不是天狼星；手抄本也沒說它是追日的狼）,Norse in Europe.csv＋Stellarium norse／norse_edda＋GKS 1812 4to 詞彙表（Beckman & Kålund《Rímtöl》）＋Snorri《Edda》＋《Hákonar saga góða》,長圖（狼嘴、日月之路＝黃道、漁夫、巨人之眼）＋北盤（特隆赫姆面北＋山＝地平線：兩輛車繞引路星）＋跨文化 V 字標籤；概念圖 4 組＋圖卡 3 張,246s,2026/12/25（五・聖誕）,聖誕檔＋破解「八隻馴鹿＝Sleipnir」＋圖卡「同一個 V 字」「北歐星名小辭典」可存圖（Christmas Goose 查無北歐出處，不用）,逐字稿 v1（已查核）＋素材,Yule 節慶掛鉤（十世紀 Hákon 立法跟聖誕節同一天）；12/24 滿月，聖誕夜月亮在北河三旁約 5°（巨人 Þjazi 的眼睛？）；特隆赫姆冬至白天 4.6 小時；結尾接 X-02：腰帶＝冰島手抄本的漁夫／瑞典的 Frigg 紡紗桿
X-02,X 跨文化專題,獵戶環球：全世界都認得的三顆星,「中國叫參、埃及叫 Sah、澳洲叫 Birray Birray」,各文化CSV 獵戶條目（中/埃及/毛利/Kamilaroi/阿努塔/西伯利亞…）,北盤＋獵戶特寫＋各文化連線輪替層,180s,2027/01/01（五・元旦）,元旦首播旗艦＋Collab,腳本待寫,新年獵戶最高懸
A-16,A 萬國星空,納瓦荷：只在冬天說的星星故事,「Coyote 亂撒的星星——而這故事夏天不能講」,Navojo in America.csv＋《Star Trails Navajo》PDF,北盤＋Náhookǫs 家族連線層,150–180s,2027/01/08（五）,尊重文化敘事＝差異化,腳本待寫,納瓦荷傳統：星故事只在冬季講述
A-17,A 萬國星空,黑腳族：留在天上的六隻小狼,「Tipi 帳篷門口畫的就是昴宿與北斗」,Blackfoot CSV＋兩本社內文獻TXT＋星座網絡論文圖,北盤＋Ihkitsikammiksi(北斗)連線層,150s,2027/01/15（五）,文獻圖料豐富＝視覺強集,腳本待寫,冬季大平原星空
A-18,A 萬國星空,古埃及：天狼星漲潮與亡靈的獵戶,「金字塔對準的星、尼羅河等待的星」,Egyptian in Middle East.csv＋egyptian description,北盤＋Sah(獵戶)/Sopdet(天狼)/牛前腿(北斗)連線層,180s,2027/01/22（五）,大眾熱門文化＝流量檔＋圖卡,腳本待寫,天狼星冬夜最高；Dendera 星圖彩蛋
A-19,A 萬國星空,前伊斯蘭阿拉伯：兩隻鴕鳥與擋路的老人星,「沙漠星空的動物園：鴕鳥、駱駝、鬣狗」,Arabic Ancient.csv（116星座135具名星）＋description,南盤＋鴕鳥雙群/Suhail 連線層,150–180s,2027/01/29（五）,冷門寶藏文化,腳本待寫,老人星（Suhail）南天最高季
A-20,A 萬國星空,春節特輯｜朱雀：一顆蛋孵出一個王朝,「玄鳥生商——火鳥賀歲」,pptx p.18–19＋Chinese CSV（井鬼柳星張翼軫）,北盤＋朱雀七宿連線層,180s,2027/02/05（五・除夕）,賀歲檔旗艦＋節慶hashtag＋置頂,腳本待寫,除夕當天；鶉火冬末當空＝四象第四彈完結
A-21,A 萬國星空,薩米：馴鹿獵人的星空狩獵圖,「整片星空就是一場進行中的狩獵」,Sami in Europe.csv＋sami description,北盤＋Sarva(馴鹿)/獵人群連線層,150s,2027/02/12（五）,北歐姊妹集,腳本待寫,冬季星空收尾
H-元宵,特別短鉤子,元宵：天官賜福與紫微大帝,「元宵拜的天官，住在星盤正中央」,Chinese CSV（紫微垣）,北盤中心特寫,30–45s,2027/02/20（六・元宵）,節慶導流 A-02,腳本待寫,元宵當天
A-22,A 萬國星空,白俄羅斯：農民曆星空與 Elias 的馬車,「北斗在東歐是一輛載乾草的車」,Belarusian in Europe.csv＋description,北盤＋Elias's Cart 連線層,150s,2027/02/19（五）,歐洲季開場,腳本待寫,與元宵鉤子同週互導
A-23,A 萬國星空,羅馬尼亞：牧羊人的星空農場,「天上有羊圈、有牧人、還有一口井」,Romanian in Europe.csv（39星座）＋description,北盤＋牧羊人星座群連線層,150s,2027/02/26（五）,民俗溫暖敘事,腳本待寫,初春星空
A-24,A 萬國星空,圖卡諾：亞馬遜的星空雨季曆,「星座落下，雨季就來」,Tukano in America.csv＋tukano description,南盤＋Pamʉ(蛇)等連線層,150s,2027/03/05（五）,南美季開場,腳本待寫,雨林曆法主題
A-25,A 萬國星空,圖皮-瓜拉尼：1614 年傳教士抄下的星空,「30 個星座只留下 7 個的名字」,Tupi CSV＋histoire de la mission PDF＋indigenas PDF,南盤＋鴕鳥(Guirá Nhandu)等連線層,150s,2027/03/12（五）,史料故事線,腳本待寫,南天星空季
A-26,A 萬國星空,布吉斯：帆船民族的星羅盤,「一張帆、一片星，從蘇拉威西航向世界」,Bugis in Asia.csv＋4份南島天文PDF,南盤＋帆船/鯊魚星座連線層,150–180s,2027/03/19（五）,航海文化híт＋Collab,腳本待寫,南十字升起季開始
A-27,A 萬國星空,曼達爾：同一片海的另一套星圖,「跟布吉斯共用海洋、不共用星座」,Mandar in Asia.csv＋Star patterns in Mandar navigation PDF,南盤＋曼達爾星座連線層,120–150s,2027/03/26（五）,與 A-26 成對照組,腳本待寫,南島雙聯集下集
X-03,X 跨文化專題,北斗環球：一個勺子的十種人生,「車、犁、馴鹿、七老人、牛前腿、棺架——都是它」,各文化CSV 北斗條目（中/蒙/因紐特/埃及/白俄/黑腳/阿拉伯…）,北盤＋北斗特寫＋各文化連線輪替層,180s,2027/04/02（五）,旗艦跨界＋Remix開放,腳本待寫,春季北斗最高懸
X-04,X 跨文化專題,春空導航術：沿著斗柄找大角,「Arc to Arcturus——連 Stellarium 都內建的指星法」,02_星群Asterisms.csv（指星輔助線＋春季大三角/大鑽石）,北盤＋斗柄弧線/春三角/大鑽石連線層,150s,2027/04/09（五）,實用教學向＝收藏率,腳本待寫,春季大三角/大鑽石當空
A-28,A 萬國星空,印度吠陀：27 位月亮的妻子,「Nakshatra——印度占星至今在用的月站」,Indian Vedic.csv＋Indian Vedic.rtf 詳文＋description,北盤＋Nakshatra 環狀標記層,180s,2027/04/16（五）,占星話題流量＋科學澄清,腳本待寫,呼應 A-06 月站宇宙
A-29,A 萬國星空,薩丁尼亞：地中海島嶼的農牧星空,「島民的星空曆：何時剪羊毛、何時收麥」,Sardinian in Europe.csv＋description,北盤＋薩丁星座連線層,120–150s,2027/04/23（五）,小眾寶藏,腳本待寫,春季農耕主題
A-30,A 萬國星空,呂埃勒：一座法國村莊自己的星座,「19 世紀民族誌學者記下的『民間版』88星座」,Ruelle in Europe.csv（70星座、含IAU對照欄）,北盤＋呂埃勒 vs IAU 對照連線層,150s,2027/04/30（五）,學術冷知識,腳本待寫,民俗天文學主題
A-31,A 萬國星空,卡米拉羅伊：由黑暗組成的鴯鶓,「他們連的不是星星，是銀河裡的黑」,Kamiloaroi CSV（含社團補充段落）＋description,南盤＋銀河暗帶鴯鶓示意層,150–180s,2027/05/07（五）,暗星座概念＝認知顛覆,腳本待寫,4–6月鴯鶓完整現身（南天視角、註明台灣所見）
X-05,X 跨文化專題,南天的十字路口：真十字、假十字、鑽石十字,「水手認錯十字架會迷航」,02_星群CSV（False/Diamond Cross）＋東加/毛利南天條目,南盤＋三個十字連線對照層,150s,2027/05/14（五）,實用＋南天神秘感,腳本待寫,南十字台灣南天低空可見季
X-06,X 跨文化專題,星星導航總集：人類不用羅盤的一萬年,「波里尼西亞、布吉斯、阿拉伯——三大航海星術同台」,Hawaiian/Tongan/Anutan/Bugis/Mandar/Arabic 各CSV,雙盤＋航海星路總覽層,180s,2027/05/21（五）,系列總整理旗艦＋Collab,腳本待寫,航海季中場總集篇
A-32,A 萬國星空,阿拉伯月宿：新月每晚的下榻處,「Manazil——伊斯蘭曆法的 28 站」,Arabic Lunar Stations.csv（51+96具名）＋description,北盤＋月宿全環標記層,150–180s,2027/05/28（五）,呼應 A-06 完成月站三部曲,腳本待寫,月站宇宙完結
A-33,A 萬國星空,毛利 Matariki：星星升起就是新年,「紐西蘭唯一的原住民國定假日，由星星決定日期」,Maori in Oceania.csv＋maori description,北盤＋Matariki(昴宿)/Te Waka 大舟連線層,180s,2027/06/04（五）,Matariki 國際話題＋Collab NZ相關帳號,腳本待寫,對齊當年 Matariki 公告週（6月中下旬晨空）
A-34,A 萬國星空,蘇菲之書：一千年前最美的星圖手稿,「西元 964 年，一本書同時畫下希臘星座與貝都因傳統」,Arabic Al-sufic.csv（52星座+52具名星）＋description,北盤＋Al-Sufi 星座圖對照層,180s,2027/06/11（五）,手稿美學向＝美宣發揮集,腳本待寫,《恆星之書》插圖公版素材可用
X-07,X 跨文化專題,銀河環球：天河、鹿皮之路、瓦卡的航跡,「中國人看見河、因紐特人看見雪橇痕、毛利人看見船」,各文化CSV 銀河條目（中/毛利/Kamilaroi/布吉斯/因紐特…）,雙盤＋銀河帶示意層,180s,2027/06/18（五）,夏季銀河季開場旗艦,腳本待寫,夏季銀河心臟升起；⚠️ A-14 查核：MacDonald《The Arctic Sky》的銀河 Aviguti＝「分隔線」（Igloolik），白令海峽是烏鴉的雪鞋足跡（p.91），沒有「雪橇痕」——寫稿時要再查
A-35,A 萬國星空,現代星座（上）：88 個星座誰說了算,「1928 年，一群天文學家把天空瓜分完畢」,western CSV（88星座）＋00_總覽＋參考文獻,北盤＋IAU邊界示意＋星座連線層,180s,2027/06/25（五）,體系總整理＝權威集,腳本待寫,IAU 標準化故事
A-36,A 萬國星空,現代星座（下）：課本沒教的星群 Asterisms,「北斗七星其實不是星座？」,02_星群Asterisms.csv（84星群）,北盤＋夏三角/茶壺/衣架等星群連線層,180s,2027/07/02（五）,知識反差＋收藏向,腳本待寫,夏季星群當空實例多
X-08,X 跨文化專題,一週年總回顧：同一片星空的 30 種目光,「我們花一年環遊了天上的世界」,全系列素材剪輯＋00_總覽.csv,星盤旋轉大混剪,180s,2027/07/09（五）,週年慶＋置頂＋精華Remix,腳本待寫,收官；預告 2027 七夕（8/8）新季
B-01,B 行前預報,行前觀星預報（模板集＝每次出隊複製）,「今晚出隊，抬頭第一眼找誰？」,03_星點座標表＋當期天象,依出隊當晚客製星盤視角,60–90s（秋觀版 303s）,依出隊日（出發前3–5天）,Collab 共同發布＋tag 他校＋活動hashtag,秋觀版已建（逐字稿 v1＋v4.6 素材＋Canva「B-01 秋觀」2026/10/04）,星趴/迎新/寒暑訓皆適用
B-02,B 行前預報,大型星趴特別版（星空嘉年華等）,「全台天文社都在的那晚，天上有什麼」,同上＋活動資訊,同上,90s,依活動日,跨校 Collab 最大化＋限動倒數,待活動資訊,年度跨校流量戰役
規則-1,短鉤子產線,每支深度集固定裂解 2–3 支短鉤子,錯位發布：深度集後隔2日、4日各發一支,母集素材重剪,母集素材,30–45s,每週二/週日,鉤子用試播Reels 觸及陌生受眾,持續,45–60s 互動最佳；鉤子結尾導回母集
規則-2,輪播圖卡,每支深度集配 1 組知識圖卡（貼文）,Reels 衝觸及、圖卡衝收藏,母集素材＋CSV 資料表,母集星圖靜幀,8–10張,深度集後1–2日,SEO長caption＋收藏導向,持續,內容壽命延長器
