頁,頁名,標籤層,文字,中心X px,中心Y px,字級px,顏色,對應星X,對應星Y,key
7,鏡頭03結束＝鏡頭04開始,阿努塔名,Te Aamonga,854,614,49,#7BD88F,951,545,Te Aamonga
7,鏡頭03結束＝鏡頭04開始,阿努塔名,Te Kope,364,1527,49,#6FA8FF,212,1554,Te Kope
7,鏡頭03結束＝鏡頭04開始,阿努塔名,Toki,713,325,43,#6FA8FF,713,430,Toki
7,鏡頭03結束＝鏡頭04開始,中譯,扁擔,854,672,43,#7BD88F,951,545,Te Aamonga-zh
7,鏡頭03結束＝鏡頭04開始,中譯,竹子,312,1585,43,#6FA8FF,212,1554,Te Kope-zh
7,鏡頭03結束＝鏡頭04開始,中譯,石錛,713,376,36,#6FA8FF,713,430,Toki-zh
8,鏡頭04結束,阿努塔名,Kaavei,953,472,44,#B78AFF,953,545,Kaavei
8,鏡頭04結束,阿努塔名,Matariki,560,484,41,#FFC94A,560,540,Matariki
8,鏡頭04結束,阿努塔名,Te Angaanga,388,728,44,#FF6B6B,388,665,Te Angaanga
8,鏡頭04結束,阿努塔名,Ara Toru,222,963,41,#FFFFFF,86,980,Ara Toru
8,鏡頭04結束,中譯,章魚腳,953,527,38,#B78AFF,953,545,Kaavei-zh
8,鏡頭04結束,中譯,小臉（昴宿）,560,530,33,#FFC94A,560,540,Matariki-zh
8,鏡頭04結束,中譯,火鉗（畢宿）,388,780,38,#FF6B6B,388,665,Te Angaanga-zh
8,鏡頭04結束,中譯,三星之路,202,1011,36,#FFFFFF,86,980,Ara Toru-zh
10,鏡頭04-概念圖收＝鏡頭05開始,阿努塔名,Kaavei,953,472,44,#B78AFF,953,545,Kaavei
10,鏡頭04-概念圖收＝鏡頭05開始,阿努塔名,Matariki,560,484,41,#FFC94A,560,540,Matariki
10,鏡頭04-概念圖收＝鏡頭05開始,阿努塔名,Te Angaanga,388,728,44,#FF6B6B,388,665,Te Angaanga
10,鏡頭04-概念圖收＝鏡頭05開始,阿努塔名,Ara Toru,222,963,41,#FFFFFF,86,980,Ara Toru
10,鏡頭04-概念圖收＝鏡頭05開始,中譯,章魚腳,953,527,38,#B78AFF,953,545,Kaavei-zh
10,鏡頭04-概念圖收＝鏡頭05開始,中譯,小臉（昴宿）,560,530,33,#FFC94A,560,540,Matariki-zh
10,鏡頭04-概念圖收＝鏡頭05開始,中譯,火鉗（畢宿）,388,780,38,#FF6B6B,388,665,Te Angaanga-zh
10,鏡頭04-概念圖收＝鏡頭05開始,中譯,三星之路,202,1011,36,#FFFFFF,86,980,Ara Toru-zh
11,鏡頭05結束＝鏡頭06開始,Manu,Manu,356,904,88,#FFC94A,583,796,Manu
11,鏡頭05結束＝鏡頭06開始,Manu,飛翔的鳥,336,986,59,#FFC94A,583,796,Manu-zh
11,鏡頭05結束＝鏡頭06開始,部位,身體,736,695,51,#FFC94A,642,695,Te Tino a Manu
11,鏡頭05結束＝鏡頭06開始,部位,東翼,851,1472,51,#FFC94A,756,1472,Te Kapakau Tonga
11,鏡頭05結束＝鏡頭06開始,部位,北翼,255,221,51,#FFC94A,349,221,Te Kapakau Pakatokerau
12,鏡頭06結束,Manu,Manu,331,945,100,#FFC94A,589,823,Manu
12,鏡頭06結束,Manu,飛翔的鳥,308,1039,67,#FFC94A,589,823,Manu-zh
12,鏡頭06結束,星名,天狼星,656,772,46,#FFFFFF,656,708,HIP 32349
12,鏡頭06結束,星名,老人星,786,1655,46,#FFFFFF,786,1591,HIP 30438
12,鏡頭06結束,星名,南河三,323,233,46,#FFFFFF,323,169,HIP 37279
16,鏡頭06-概念圖收＝鏡頭07開始,Manu,Manu,331,945,100,#FFC94A,589,823,Manu
16,鏡頭06-概念圖收＝鏡頭07開始,Manu,飛翔的鳥,308,1039,67,#FFC94A,589,823,Manu-zh
16,鏡頭06-概念圖收＝鏡頭07開始,星名,天狼星,656,772,46,#FFFFFF,656,708,HIP 32349
16,鏡頭06-概念圖收＝鏡頭07開始,星名,老人星,786,1655,46,#FFFFFF,786,1591,HIP 30438
16,鏡頭06-概念圖收＝鏡頭07開始,星名,南河三,323,233,46,#FFFFFF,323,169,HIP 37279
17,鏡頭07結束＝鏡頭08開始,芋頭,Taro,582,736,108,#7BD88F,582,1010,Taro
17,鏡頭07結束＝鏡頭08開始,芋頭,芋頭,582,851,81,#7BD88F,582,1010,Taro-zh
17,鏡頭07結束＝鏡頭08開始,芋頭,Na Kau 它的莖,465,1202,65,#7BD88F,465,1037,Na Kau
17,鏡頭07結束＝鏡頭08開始,星名,心宿二,465,1120,59,#FFFFFF,465,1037,HIP 80763
18,鏡頭08結束＝鏡頭09開始,領路,東翼的領路星,697,1527,50,#FFFFFF,497,1527,Te Taki o te Kapakau Tonga
22,鏡頭10結束＝鏡頭11開始,領路-南盤,Te Taki o te Kapakau Tonga,753,1267,29,#FFFFFF,515,1282,Te Taki
22,鏡頭10結束＝鏡頭11開始,領路-南盤,東翼的領路星,620,1300,26,#FFFFFF,515,1282,Te Taki-zh
22,鏡頭10結束＝鏡頭11開始,領路-南盤,東翼（老人星）,356,1155,28,#FFC94A,356,1188,Te Kapakau Tonga
23,鏡頭11結束＝鏡頭12開始,雲-南盤,Te Ao Rere,261,804,56,#FFFFFF,261,968,LMC
23,鏡頭11結束＝鏡頭12開始,雲-南盤,奔跑的雲,261,863,45,#FFFFFF,261,968,LMC-zh
23,鏡頭11結束＝鏡頭12開始,雲-南盤,Te Ao Toka,819,632,56,#FFFFFF,819,756,SMC
23,鏡頭11結束＝鏡頭12開始,雲-南盤,靜止的雲,819,691,45,#FFFFFF,819,756,SMC-zh
23,鏡頭11結束＝鏡頭12開始,星名-南盤,大麥哲倫雲,261,1098,39,#FFFFFF,261,968,LMC-n
23,鏡頭11結束＝鏡頭12開始,星名-南盤,小麥哲倫雲,819,848,39,#FFFFFF,819,756,SMC-n
24,鏡頭12結束＝鏡頭13開始,網-南盤,Te Kupenga,578,824,53,#6FA8FF,578,960,Te Kupenga
24,鏡頭12結束＝鏡頭13開始,網-南盤,漁網,578,878,41,#6FA8FF,578,960,Te Kupenga-zh
24,鏡頭12結束＝鏡頭13開始,網-南盤,網柄,599,1289,36,#6FA8FF,520,1311,Te Kau o te Kupenga
24,鏡頭12結束＝鏡頭13開始,網-南盤,Te Rua Tangata 兩個人,739,1331,31,#FF6B6B,520,1311,Te Rua Tangata
25,鏡頭13結束,十字-南盤,Te Rakau Tapu,540,755,92,#FFC94A,540,1014,Te Rakau Tapu
25,鏡頭13結束,十字-南盤,神聖的木頭（1916 年後）,540,852,64,#FFC94A,540,1014,Te Rakau Tapu-zh
29,鏡頭14結束,Manu,Manu,356,947,88,#FFC94A,583,839,Manu
29,鏡頭14結束,Manu,飛翔的鳥,336,1029,59,#FFC94A,583,839,Manu-zh
32,鏡頭14-概念圖收＝鏡頭15開始,Manu,Manu,356,947,88,#FFC94A,583,839,Manu
32,鏡頭14-概念圖收＝鏡頭15開始,Manu,飛翔的鳥,336,1029,59,#FFC94A,583,839,Manu-zh
33,鏡頭15結束,Manu,Manu,340,993,96,#FFC94A,586,875,Manu
33,鏡頭15結束,Manu,飛翔的鳥,318,1082,64,#FFC94A,586,875,Manu-zh
33,鏡頭15結束,布吉斯,Manu',745,1110,64,#FFFFFF,586,875,Manu'
33,鏡頭15結束,布吉斯,（布吉斯：雞）,825,1176,48,#FFFFFF,586,875,Manu'-zh
35,鏡頭15-概念圖收,Manu,Manu,340,993,96,#FFC94A,586,875,Manu
35,鏡頭15-概念圖收,Manu,飛翔的鳥,318,1082,64,#FFC94A,586,875,Manu-zh
35,鏡頭15-概念圖收,布吉斯,Manu',745,1110,64,#FFFFFF,586,875,Manu'
35,鏡頭15-概念圖收,布吉斯,（布吉斯：雞）,825,1176,48,#FFFFFF,586,875,Manu'-zh
39,鏡頭16結束＝鏡頭17開始,台灣-南盤,Manu,519,566,60,#FFC94A,336,595,Manu
39,鏡頭16結束＝鏡頭17開始,台灣-南盤,天狼星,486,462,40,#FFFFFF,397,462,Sirius-tpe
39,鏡頭16結束＝鏡頭17開始,台灣-南盤,老人星,730,1349,40,#FFFFFF,641,1349,Canopus-tpe
40,鏡頭17結束,台灣-南盤,Manu,665,550,58,#FFC94A,488,579,Manu
40,鏡頭17結束,台灣-南盤,天狼星,644,455,39,#FFFFFF,558,455,Sirius-tpe
40,鏡頭17結束,台灣-南盤,老人星,806,1336,39,#FFFFFF,719,1336,Canopus-tpe
