鏡頭,原型,秒數,格,用檔,元素寬px,位移X px,位移Y px,旋轉度,說明
01,S,11,起,大畫布圖層組,7776,-1382,130,0.0,開場字卡；十一月阿努塔晚空（21:30 子午線＝RA 27°，x +73）往東緩慢平移，先不開連線
01,S,,迄,大畫布圖層組,7776,-994,130,0.0,
02,Z,21,起,大畫布圖層組,7776,-994,130,0.0,輕推近；結束後疊概念圖 阿努塔地圖（島嶼層→祖先層）
02,Z,,迄,大畫布圖層組,8452,-1080,141,0.0,
03,Z,19,起,大畫布圖層組,8452,-1080,141,0.0,往西（右）滑到天鷹、海豚、天鶴；迄格開阿努塔名＋中譯（扁擔、石錛、竹子）
03,Z,,迄,大畫布圖層組,6943,-2719,-249,0.0,
04,Z,20,起,大畫布圖層組,6943,-2719,-249,0.0,往東（左）滑過飛馬、白羊、昴宿到畢宿、獵戶腰帶；結束後疊 9:16 生活星空圖卡（可存圖）
04,Z,,迄,大畫布圖層組,6271,-732,0,0.0,
05,Z,16,起,大畫布圖層組,6271,-732,0,0.0,往東下方滑到 Manu（天狼＝身體、老人星＝東翼、南河三＝北翼）；迄格開 Manu＋部位
05,Z,,迄,大畫布圖層組,7776,130,-626,0.0,
06,Z,24,起,大畫布圖層組,7776,130,-626,0.0,推近；結束後疊概念圖 Manu 的翅膀（星點層→翅膀層→傳說層）
06,Z,,迄,大畫布圖層組,8836,147,-663,0.0,
07,Z,16,起,大畫布圖層組,8836,147,-663,0.0,長距離往東（左）滑到天蠍（x −145）；迄格開芋頭＋星名
07,Z,,迄,大畫布圖層組,11435,4606,-762,0.0,
08,Z,14,起,大畫布圖層組,11435,4606,-762,0.0,滑回走廊（老人星、領路星）；領路星白圈＝α Pic
08,Z,,迄,大畫布圖層組,8836,0,-1080,0.0,
09,T,10,起,大畫布圖層組,8836,0,-1080,0.0,沿走廊往南：天狼 → 老人星 → α Pic → 大麥哲倫雲 →（迄格＝10 起格：長圖轉南盤）
09,T,,迄,大畫布圖層組,8836,0,-2842,0.0,
10,R,16,起,南盤圖層組（置中）,8779,0,0,0.0,長圖轉南盤 → 南盤轉到 -114.5°（18:45，兩顆都在海面下）→ -80.7°（21:00，兩顆都升到 14–17°，在山的剪影上方）；山升到阿努塔地平線（南緯 11.6°）；迄格開領路標籤
10,R,,中,南盤圖層組（置中）,3863,497,389,-114.5,
10,R,,迄,南盤圖層組（置中）,3863,497,389,-80.7,
11,R,16,起,南盤圖層組（置中）,3863,497,389,-80.7,同角度推近大小麥哲倫雲
11,R,,迄,南盤圖層組（置中）,5853,227,281,-80.7,
12,R,20,起,南盤圖層組（置中）,5853,227,281,-80.7,南盤順時針轉到 +24.6°（＝11/21 04:00 阿努塔面向南方，天文晨光 03:49 剛過；南十字 00:28 起升、此時高 23–24°，網柄南門二 02:51 才升起、此時高 7.5°）；旋轉中不放原生標籤；迄格開網標籤
12,R,,迄,南盤圖層組（置中）,5083,705,341,24.6,
13,R,15,起,南盤圖層組（置中）,5083,705,341,24.6,同角度推近南十字；迄格開十字標籤
13,R,,迄,南盤圖層組（置中）,9657,1267,701,24.6,
14,Z,22,起,大畫布圖層組,8836,0,-1080,0.0,南盤轉長圖（歸位、換組、沿走廊上移回出發點）；結束後疊概念圖 星路（海面層→星路層）
14,Z,,迄,大畫布圖層組,7776,130,-583,0.0,
15,Z,23,起,大畫布圖層組,7776,130,-583,0.0,推近 Manu；迄格開 Manu＋布吉斯；結束後疊 9:16 圖卡 同一個字
15,Z,,迄,大畫布圖層組,8452,141,-587,0.0,
16,R,21,起,南盤圖層組（置中）,8397,0,0,0.0,長圖轉南盤 → 南盤轉到 -8.7°（＝11/21 02:00 台北面向南方）；山移到台北地平線（北緯 25.0°）——南天極在地平線下 25°
16,R,,迄,南盤圖層組（置中）,5220,178,1331,-8.7,
17,R,9,起,南盤圖層組（置中）,5220,178,1331,-8.7,盤再轉 20 分鐘；端卡＋追蹤 CTA
17,R,,迄,南盤圖層組（置中）,5083,174,1296,-3.6,
