文化,Stellarium ID,編號,參考文獻
阿努塔（大洋洲）,anutan,1,Richard Feinberg. Polynesian seafaring and navigation: ocean travel in Anutan culture and society. The Kent State University Press. 1988.
阿努塔（大洋洲）,anutan,2,Doina Bucur. The network signature of constellation line figures. arXiv e-prints. arXiv:2110.12329 [cs.SI]. 2021. Available at <https://arxiv.org/abs/2110.12329>.
阿拉伯・蘇菲,arabic_al-sufi,1,"Kunitzsch, Paul, The Arabs and the Stars, The Astronomer Abu'L-Husayn al-Ṣūfī And His Book on The Constellations, XI, Northampton, England: Variorum Reprints, 1989, pg. 57."
阿拉伯・蘇菲,arabic_al-sufi,2,"Kunitzsch, Paul, Untersuchungen Zur Sternnomenklatur Der Araber, Otto Harrassowitz ·Wiesbaden, 1961"
阿拉伯・蘇菲,arabic_al-sufi,3,"DESCRIPTIONS DES ETOILES FIXES, traduction littérale avec des notes par H C F C Schjellerup, St Petersbourg, 1874, pg. 26-27."
阿拉伯・蘇菲,arabic_al-sufi,4,Book Of The Stars: Critical edition with commentary by Khalid AlAjaji
阿拉伯・蘇菲,arabic_al-sufi,5,"Oulough Beg copy of ʿAbd Al-Raḥmān ibn ʿUmar Al-Ṣūfī. Kitāb ṣuwar Al-kawākib Al-ṯābita, Paris, Bibliothèque nationale de France. Département des Manuscrits. Arabe 5036."
阿拉伯・蘇菲,arabic_al-sufi,6,"Seeing Ancient Stars, Visualization of the Almagest Catalog."
阿拉伯・蘇菲,arabic_al-sufi,7,"Toomer, G. J., Ptolemy’s ALMAGEST, Princeton University Press, 2nd ed., 1998."
阿拉伯・蘇菲,arabic_al-sufi,8,"Ibn Qutaybah, Al-Dinawarī, Abū Muḥammad ʿAbd Allah b. Muslim (died ~ 889), Kitāb al-Anwāʾ (on meteorolgy of the Arabs), (Arabic print of the original book, Daʾirat al-Maʿārif al-Osmānia, Hydarabad, India, 1956)"
阿拉伯・蘇菲,arabic_al-sufi,9,"Al-Marzūqī, Abū ʿAli Aḥmad b. Muḥammad b. al-Ḥassan (died 1030), Al-Azminah wa al-amkinah (Times and Places), (Arabic print of the original book in 2002, World of Books, Beirut, Lebanon)."
阿拉伯・蘇菲,arabic_al-sufi,10,"Al-Thaqafī, ʿAbd Allah b. Ḥussayn b. ʿĀṣim (died ~ 1012), Al-Anwāʾ wa al-azminah (Meteorology and times), (Arabic print of the original book in 1996, Dar al-jeel, Beirut, Lebanon)."
阿拉伯・蘇菲,arabic_al-sufi,11,"Book Of The Stars, Oxford, Bodleian Library Ms. Marsh 144 dated 1009 AD"
阿拉伯・古代,arabic_ancient,1,"Ibn Qutaybah, Al-Dinawarī, Abū Muḥammad ‘Abdullah b. Muslim (died ~ 889), Kitab al-Anwaʾ (Book of meteorolgy), (Arabic print of the original book, Daʾirat al-Maʿarif al-Osmania, Hydarabad, India, 1956)"
阿拉伯・古代,arabic_ancient,2,"Al-Marzūqī, Abū ʿAli Aḥmad b. Muḥammad b. al-Ḥassan (died 1030), Al-Azminah wa al-amkinah (Times and Places), (Arabic print of the original book in 2002, World of Books, Beirut, Lebanon)."
阿拉伯・古代,arabic_ancient,3,"Al-Thaqafī, ʿAbd Allah b. Ḥussayn b. ʿAṣim (died ~ 1012), Al-Anwāʾ wa al-azminah (Meteorology and times), (Arabic print of the original book in 1996, Dar al-jeel, Beirut, Lebanon)."
阿拉伯・古代,arabic_ancient,4,"Book of the Stars: Critical edition with commentary by Khalid al-Ajaji, digital edition, 2021 AD"
阿拉伯・古代,arabic_ancient,5,"Al-Farāhīdī, Abu Abd al-Raḥmān Al-Khalīl b. Aḥmad (died ~ 786), Kitab al-ʿAyn (The book of Arabic letter العين), (Arabic print of the original book, 1980 – 1985)."
阿拉伯・古代,arabic_ancient,6,"Ferrand, Gabriel, Instructions Nautiques et Routiers Arabes et Portugais , I , Ibn Majid, 1921 -1923."
阿拉伯・古代,arabic_ancient,7,"Ferrand, Gabriel, Instructions Nautiques et Routiers Arabes et Portugais , II, Sulayman al-Mahri et Ibn Majid, 1925."
阿拉伯・古代,arabic_ancient,9,"Kunitzsch, Paul, Untersuchungen Zur Sternnomenklatur Der Araber, Otto Harrassowitz Wiesbaden, 1961"
阿拉伯・古代,arabic_ancient,10,"Kunitzsch, Paul, The Arabs and the Stars, The Astronomer Abu'L-Husayn al-Ṣūfī And His Book on The Constellations, XI, Northampton, England: Variorum Reprints, 1989."
阿拉伯・阿拉伯半島,arabic_arabian_peninsula,1,Oral tradition
阿拉伯・阿拉伯半島,arabic_arabian_peninsula,2,"Al-Ajaji, Khalid, Šarḥ Qaṣidat al-Qāḍī fi al-anwāʾ wal-nuǧūm, Explanation of al-Qāḍī poem of anwāʾ and stars, Riyadh, Saudi Arabia, 2013., خالد بن عبد الله العجاجي، شرح قصيدة القاضي في الأنواء والنجوم، الرياض، المملكة العربية السعودية، 1434 هـ."
阿拉伯・阿拉伯半島,arabic_arabian_peninsula,3,"Al-Ajaji, Khalid, Šarḥ Maʾthūrāt al-Ḫalāwī al-falakiyah, Explanation of al-Ḫalāwī astronomy poems, Riyadh, Saudi Arabia, 2018., خالد بن عبد الله العجاجي، شرح مأثورات الخلاوي الفلكية، الرياض، المملكة العربية السعودية، 1439 هـ."
阿拉伯・阿拉伯半島,arabic_arabian_peninsula,4,"Ibn Ḫamīs, ʿAbd Allah b. Muḥammad, Rāshid al-Ḫalāwī, Riyadh, Saudi Arabia, 2002., عبدالله بن محمد بن خميس ، راشد الخلاوي ، الرياض، المملكة العربية السعودية، 1423 هـ."
阿拉伯・阿拉伯半島,arabic_arabian_peninsula,5,"Al-Blādī, ʿAtiq b. Ġayth, Al-adab al-šaʿbī fi al-ḥiǧāz, Folk literature in Ḥijaz, Dar Makkah, Makkah, Saudi Arabia, 1982, عاتق بن غيث البلادي (ت 1431 ه)، الأدب الشعبي في الحجاز، دار مكة، مكة المكرمة، ط 2، 1402 هـ."
阿拉伯・阿拉伯半島,arabic_arabian_peninsula,6,"Al-Suwaydā, ʿAbd al-Raḥman, Al-Amthāl al-šaʿbiyah al-sāʾirah fi manṭiqat Ḥāʾil, The local common proverbs of the Ḥayel region, Riyadh, Saudi Arabia, 2007., عبد الرحمن بن زيد السويداء، الأمثال الشعبية السائرة في منطقة حائل، الرياض، المملكة العربية السعودية، 1428 هـ."
阿拉伯・阿拉伯半島,arabic_arabian_peninsula,7,"Al-Ḥatim, ʿAbd Allah Khalid, Diwān ʿAbd Allah bin Ḥmūd al-Sbayel, The poetry collection of ʿAbd Allah b. Ḥumūd al-Sbayel, 1984, عبدالله الخالد الحاتم ، ديوان عبدالله بن حمود السبيِّل، 1404 هـ."
阿拉伯・阿拉伯半島,arabic_arabian_peninsula,8,"Al-Suwaydā, ʿAbd al-Raḥman, Šuʿarāʾ al-ǧabal al-šaʿbiyūn, The Poets of the mountain, 5-volume poetry collection, Riyadh, Saudi Arabia, 2013., عبد الرحمن بن زيد السويداء، شعراء الجبل الشعبيون، الرياض، المملكة العربية السعودية، 1434 هـ."
阿拉伯・阿拉伯半島,arabic_arabian_peninsula,9,"Al-ʿAnsī, Yaḥyā, Al-Maʿalim al-ziraʿiyah fi al-Yaman, Agricultural signs in Yemen, Yemen, 2010, يحيى العنسي، المعالم الزراعية في اليمن، اليمن، 1431 هـ."
阿拉伯・阿拉伯半島,arabic_arabian_peninsula,10,"Ibn Bišir, ʿUṯmān ibn ʿAbd Allah (died 1873), ʿInwān al-maǧd fi tarīḫ Naǧd, The Title of Glory on the History of Najd (Arabic critical edition by Dr. Muḥammad ibn Nāṣir al-Šiṯrī), Riyadh, Saudi Arabia, 2012., ابن بشر، عثمان بن عبد الله بن بشر، عنوان المجد في تاريخ نجد، تحقيق الدكتور محمد بن ناصر الشثري، الرياض، المملكة العربية السعودية، 1433 هـ."
阿拉伯・阿拉伯半島,arabic_arabian_peninsula,11,"Al-ʿUbūdī, Moḥammad b. Nāṣir, Al-Amthāl al-ʿāmiyah fi Naǧd, The folk proverbs in Najd, 4 volumes, Dar Al-Thulūthiyah, Riyadh, Saudi Arabia, 2010., محمد بن ناصر العبودي، الأمثال العامية في نجد، دار الثلوثية، الرياض، المملكة العربية السعودية، 1431 هـ."
阿拉伯・阿拉伯半島,arabic_arabian_peninsula,12,"Al-ʿUbūdī, Moḥammad b. Nāṣir, Muʿǧam al-Uṣūl al-faṣīḥah lil-alfāẓ al-dariǧah, Lexicon of the classical root of the common dialect words, 13 volumes, King AbdulAzeez Library, Riyadh, Saudi Arabia, 2009., محمد بن ناصر العبودي، معجم الأصول الفصيحة للألفاظ الدارجة، مكتبة الملك عبد العزيز، الرياض، المملكة العربية السعودية، 1430 هـ."
阿拉伯・阿拉伯半島,arabic_arabian_peninsula,13,"Al-Azhār al-nadiyah min ashʿār al-badiyah, A collection of Bedouin poetry titled The Moist Flowers of Bedouin Poetry, 18 volumes, Al Ma'arif library, Tayef, Saudi Arabia. الأزهار النادية من أشعار البادية، مكتبة المعارف، الطائف، المملكة العربية السعودية."
阿拉伯・阿拉伯半島,arabic_arabian_peninsula,14,"Min ādābinā al-shaʿbiyah fi al-ǧazīrah al-ʿarabiyah, A collection of poetry by Mandeel al-Fuhaid, Our local literature of the Arabian Peninsula, 10 volumes, Riyadh, Saudi Arabia. منديل بن محمد الفهيد، من آدابنا الشعبية في الجزيرة العربية."
阿拉伯・阿拉伯半島,arabic_arabian_peninsula,15,"Al-Suwaydā, ʿAbd al-Raḥman, Durar min al-shiʿr al-shaʿbī, The Best of Folk Poetry, 3-volume poetry collection, Riyadh, Saudi Arabia, 1999. عبد الرحمن بن زيد السويداء، درر من الشعر الشعبي، الرياض، المملكة العربية السعودية، 1420 هـ."
阿拉伯・阿拉伯半島,arabic_arabian_peninsula,16,"Al-Hamdânîʼs Geographie der Arabischen Halbinsel, David Heinrich Müller, Leiden: E. J. Brill, 1884, p. 47."
阿拉伯・阿拉伯半島,arabic_arabian_peninsula,17,"Le Bon, Gustave, La civilisation des Arabes, Paris, Librairie de Firmin-Didot, 1884, livre premier, p. 1."
阿拉伯・月站,arabic_lunar_stations,1,"Kunitzsch, Paul, The Arabs and the Stars, Northampton, England: Variorum Reprints, 1989, Al-Manazil, Item XX pp 1-7."
阿拉伯・月站,arabic_lunar_stations,2,"Helaine Selin, Encyclopaedia of the History of Science, Technology, and Medicine in Non-Western Cultures, Lunar Mansions in Islamic History, Kunitzsch P. p 520"
阿拉伯・月站,arabic_lunar_stations,3,"Edward W. Lane, Arabic-English Lexicon (London: Willams &amp; Norgate 1863) p 2861"
阿拉伯・月站,arabic_lunar_stations,4,"Ibn Qutaybah (b. 828 d. 884 or 889), Kitab al-Anwa'a, pp 6,7 (Arabic print of the original book in 1956 in India Hydarabad/Deccan)"
阿拉伯・月站,arabic_lunar_stations,5,"Helaine Selin, Encyclopaedia of the History of Science, Technology, and Medicine in Non-Western Cultures, Ibn Qutayba, Kunitzsch P. p 429"
阿拉伯・月站,arabic_lunar_stations,6,"Taʿrīf manāzil al-qamar, Les mansions lunaires des Arabes; Muhammad al-Mukrī.; A de Calassanti-Motylinski published in Alger, Imprimerie orientale, 1899."
阿拉伯・月站,arabic_lunar_stations,7,Muhammad al-Muqrī poem
阿拉伯・月站,arabic_lunar_stations,8,"Ṣaliḥ Al-Shethrī, Timetable for farmers Jadwal fi ʿilm al-ḥarth ʿala ḥisāb al-shuthūr ISBN 9960-49-971-5"
阿拉伯・月站,arabic_lunar_stations,9,Official Calendar of the Kingdom of Saudi Arabia
阿拉伯・月站,arabic_lunar_stations,10,"Moon stations and Agriculture seasons. A bulletin by the Agriculture Administration of the Chamber of Commerce in Riyadh, Saudi Arabia. 2002"
阿拉伯・月站,arabic_lunar_stations,11,Book Of The Stars: Critical edition with commentary by Khalid AlAjaji.
阿拉伯・月站,arabic_lunar_stations,12,"Schjellerup, Description des etoiles fixes, 1874, p. 163. (Translation into French)"
阿拉伯・月站,arabic_lunar_stations,13,"Laffitte, Roland, Le Ciel des Arabes, Geuthner, Paris 2012"
阿拉伯・月站,arabic_lunar_stations,14,"Al-Marzūqī, Abū ʿAli Aḥmad b. Muḥammad b. al-Ḥassan (died 1030), Al-Azminah wa al-amkinah (Times and Places), (Arabic print of the original book in 2002, World of Books, Beirut, Lebanon)."
阿拉伯・月站,arabic_lunar_stations,15,"Al-Thaqafī, ʿAbd Allah b. Ḥussayn b. ʿĀṣim (died ~ 1012), Al-Anwāʾ wa al-azminah (Meteorology and times), (Arabic print of the original book in 1996, Dar al-jeel, Beirut, Lebanon)."
白俄羅斯（歐洲）,belarusian,1,Tsimafei Avilin. 2009. Astronyms in Belarussian folk beliefs. Archaeologia Baltica.
白俄羅斯（歐洲）,belarusian,2,"Tsimafei Avilin. Belarussian Folk Astronomy. The author's website, in Belarusian."
白俄羅斯（歐洲）,belarusian,3,Belarusian Ethnoastronomy.
白俄羅斯（歐洲）,belarusian,4,Ethnoastronomical aspect of traditional belarusian fitonimicon: problem statement.
白俄羅斯（歐洲）,belarusian,5,Meteor Beliefs Project: East European meteor folk-beliefs.
黑腳族（美洲）,blackfoot,1,"Dorcas S. Miller. Stars of the first people: Native American star myths and constellations. Westwinds Press, 1997."
黑腳族（美洲）,blackfoot,2,"Clark Wissler and D. C. Duvall. Mythology of the Blackfoot Indians. Published by the American Museum of Natural History, New York. 1908. Available at <https://archive.org/details/mythologyofblack00wiss> (accessed Jan 2022)."
黑腳族（美洲）,blackfoot,3,"Walter McClintock. The old North trail, or, Life, legends and religion of the Blackfeet Indians. Macmillan and Co., Limited, London. 1910. Available at <https://archive.org/details/oldnorthtrailorl00mccluoft> (accessed Jan 2022)."
黑腳族（美洲）,blackfoot,4,Doina Bucur. The network signature of constellation line figures. arXiv e-prints. arXiv:2110.12329 [cs.SI]. 2021. Available at <https://arxiv.org/abs/2110.12329>.
布吉斯（亞洲）,bugis,1,"Yukio Ohashi and Wayne Orchiston. The evolution of local Southeast Asian astronomy and the influence of China, India, the Islamic World and the West. In W Orchiston and M N Vahia, editors, Exploring the History of Southeast Asian Astronomy, pages 673–767. Springer, Cham, 2021."
布吉斯（亞洲）,bugis,2,"A. A. Rasyid, T. Hidayat, and W. Orchiston. Star patterns in Mandar navigation. In W. Orchiston and M. N. Vahia, editors, Exploring the History of Southeast Asian Astronomy, pages 549–564. Springer, Cham, 2021."
布吉斯（亞洲）,bugis,3,Doina Bucur. The network signature of constellation line figures. arXiv e-prints. arXiv:2110.12329 [cs.SI]. 2021. Available at <https://arxiv.org/abs/2110.12329>.
中國（亞洲）,chinese,1,"Sun Xiaochun and Jacob Kistemaker: The Chinese sky during the Han, Brill, Leiden, 2007"
中國（亞洲）,chinese,2,"Rufus, Carl and Tien, Hsing-Chih: The Soochow Astronomical Chart, University of Michigan Press, Ann Arbor, Michigan, USA, 1945"
中國（亞洲）,chinese,3,The Suzhou map digitized
中國（亞洲）,chinese,4,AEEA Astronomy Education Information Ancient Chinese constellation system
中國（亞洲）,chinese,5,Chinese constellations: Wikipedia article
中國（亞洲）,chinese,6,Traditional Chinese star names: Wikipedia article
中國（亞洲）,chinese,7,Purple Forbidden Enclosure: Wikipedia article
中國（亞洲）,chinese,8,Supreme Palace Enclosure: Wikipedia article
中國（亞洲）,chinese,9,Heavenly Market Enclosure: Wikipedia article
中國（亞洲）,chinese,10,28 Mansions: Wikipedia article
中國（亞洲）,chinese,11,Complete Studies of Astronomical Instruments (Chinese： 仪象考成)
埃及（中東）,egyptian,1,Gary D. Thompson: Website
埃及（中東）,egyptian,2,Astronomical Artifacts and Cuneiform Tablets: link
埃及（中東）,egyptian,3,Three archaic Egyptian constellations used as seasonal markers?
埃及（中東）,egyptian,4,"Hoffmann, Susanne M.: Hipparchs Himmelsglobus, Springer, Wiesbaden/ New York, 2017"
埃及（中東）,egyptian,5,Cultural Astronomy: eCUIP
埃及（中東）,egyptian,6,egyptology online
埃及（中東）,egyptian,7,Start Teaching Astronomy
埃及（中東）,egyptian,8,"Pat Remler: Egyptian mythology A to Z / 3rd ed., 2010, Chelsea House, ISBN 978-1-60413-926-6"
埃及（中東）,egyptian,9,Dendera article on Wikipedia
埃及（中東）,egyptian,10,"Circular ""Zodiac"" of Denderah: Wikimedia"
埃及（中東）,egyptian,11,"Rectangular ""Zodiac"" of Denderah: Wikipedia"
埃及（中東）,egyptian,12,"Dendera Zodiac, Linda Hall"
埃及（中東）,egyptian,13,"Hoffmann, S.M.: History of Constellations as popularization of uranometry, in: Wolfschmidt, Gudrun: Nuncius Hamburgensis Bd. 41, tredition Verlag, 2017"
夏威夷星線（大洋洲）,hawaiian_starlines,1,Polynesian Voyaging Society
夏威夷星線（大洋洲）,hawaiian_starlines,2,Hawaiian Voyaging Society
夏威夷星線（大洋洲）,hawaiian_starlines,3,Imiloa
夏威夷星線（大洋洲）,hawaiian_starlines,4,Hawaiian Star Lines and Names for Stars
印度吠陀,indian,1,"Saha, M.N. and Lahiri, N.C.: History of the Calendar, New Delhi 1992"
印度吠陀,indian,2,History Of Calendar-Panchanga: Committee Report
印度吠陀,indian,3,Nakshatra: article on Sanskrit Wikipedia
印度吠陀,indian,4,Nakshatra: article on English Wikipedia
因紐特（美洲）,inuit,1,"John MacDonald. The Arctic Sky: Inuit Astronomy, Star Lore and Legend."
日本月站,japanese_moon_stations,1,Steve Renshaw: A Cultural History of Astronomy in Japan
日本月站,japanese_moon_stations,2,"Z Xu, W Pankenier, Y Jiang: East-Asian Archaeoastronomy: Historical Records of Astronomical Observations of China, Japan and Korea, Cambria Press, New York,  2000"
日本月站,japanese_moon_stations,3,"David W. Pankenier, Xu Zhentao, and Jiang Yaotiao: East-Asian Archaeoastronomy: Historical Observational Records of Comets and Meteor Showers from China, Japan, and Korea, Cambria Press, NY, 2008"
日本月站,japanese_moon_stations,4,"Watanabe, T. (1987) Kinsei Nihon Tenmon Gakushi; Vol II: Kansatsu Gijutsu Shi. (A View of Japanese History of Astronomy in Modern Times; Vol II: Techniques of Observation). Koseisha Kosaikaku, Tokyo."
卡米拉羅伊/尤瓦萊（大洋洲）,kamilaroi,1,Robert Fuller. Astronomy of the Kamilaroi and Euahlayi peoples: link
韓國（亞洲）,korean,1,Cheonsang Yeolcha Bunyajido: Wikipedia article
韓國（亞洲）,korean,2,Digitalized map: image
曼達爾（亞洲）,mandar,1,"A. A. Rasyid, T. Hidayat, and W. Orchiston. Star patterns in Mandar navigation. In W. Orchiston and M. N. Vahia, editors, Exploring the History of Southeast Asian Astronomy, pages 549–564. Springer, Cham, 2021."
曼達爾（亞洲）,mandar,2,"Yukio Ohashi and Wayne Orchiston. The evolution of local Southeast Asian astronomy and the influence of China, India, the Islamic World and the West. In W Orchiston and M N Vahia, editors, Exploring the History of Southeast Asian Astronomy, pages 673–767. Springer, Cham, 2021."
曼達爾（亞洲）,mandar,3,Doina Bucur. The network signature of constellation line figures. arXiv e-prints. arXiv:2110.12329 [cs.SI]. 2021. Available at <https://arxiv.org/abs/2110.12329>.
毛利（大洋洲）,maori,1,Maori sky culture on Stellarium Wiki: a more complete version of this text.
毛利（大洋洲）,maori,2,"The Phoenix Astronomical Society: a very good website on Maori sky culture (Wairarapa, New Zealand)."
蒙古（亞洲）,mongolian,1,"Les astres chez les Turcs et les Mongols by Jean-Paul Roux(French). Revue de l'histoire des religions, tome 195 n°2,1979. pp; 153-192."
蒙古（亞洲）,mongolian,2,"Johan Elverskog: The Mongolian Big Dipper Sutra. Journal of the International Association of Buddhist Studies 29 Nr1 2006(2008), pp87-123. Link"
納瓦荷（美洲）,navajo,1,The Navajo Nation: official website
北歐（歐洲）,norse,1,"Roslund Curt, Stjärn-Oddi: En vikingatida astronom på Island, Astronomisk årsbok, s 28, 1984 (in Swedish)"
北歐（歐洲）,norse,2,"Beckman, N. and Kålund, Kr. (1914-16). Alfræði íslenzk: Islandsk encyklo-pædisk litteratur: II. Rímtöl \[Encyclopaedic literature on the calendar\]. s 48-53 (in Swedish)."
北歐（歐洲）,norse,3,"Richard Hinckley Allen, Star Names; Their lore and meaning"
北歐（歐洲）,norse,4,"Saxo Grammaticus, ”Gesta danorum"" (In Latin)"
北歐（歐洲）,norse,5,"Rudolf Simek, The Dictionary of Northen Mythology"
北歐（歐洲）,norse,6,"Jan de Vries, Altgermanische Religionsgeschichte (in German)"
北歐（歐洲）,norse,7,"Beckman, N. and Kålund, Kr. (1914-16). Alfræði íslenzk: Islandsk encyklo-pædisk litteratur: II. Rímtöl \[Encyclopaedic literature on the calendar\]. s 72. (in Swedish)"
北歐（歐洲）,norse,8,"Gislason, K. Fire og fyrretyve for en stor Deel forhen utrykte Prøver af oldnordisk Sprog og Litteratur. (København: Gyldendalska bogh. 1860) (in Danish)"
北歐（歐洲）,norse,9,Norse Constellations
北歐（歐洲）,norse,10,Norse Mythology: article on Wikipedia
羅馬尼亞（歐洲）,romanian,1,Traditional Romanian Constellation. Website
羅馬尼亞（歐洲）,romanian,2,On-line booklet in ro/en about 39 Traditional Romanian Constellations. Link
羅馬尼亞（歐洲）,romanian,3,30 seconds movies made from scripts and with subtitle in English. Video on YouTube
羅馬尼亞（歐洲）,romanian,4,Romanian peasants beliefs in stars and sky – Translation of texts adapted from Ion Ottescu. link
羅馬尼亞（歐洲）,romanian,5,PLANETARIUL BAIA MARE – MARAMURES. link
呂埃勒（歐洲）,ruelle,1,"Alexandre Ruelle. Nouvelle Uranographie ou méthode très facile pour apprendre les constellations (English: New Uranography or a very easy method to learn the constellations). Star chart on paper (97 x 74 cm), de la Marche (Paris). 1786. Available at <https://gallica.bnf.fr/ark:/12148/btv1b53062000r/>, via the Bibliothèque nationale de France, département Cartes et plans, GE C-4001."
呂埃勒（歐洲）,ruelle,2,"Jacob van der Heyden. Globus Concavus, Et Quidem Coelestis Stellatus, Cui Simul Annexa Est Instructio Brevis Sed Luculenta Satis atque prolixa eundem apparandi & componendi (English: The Concave Globe, and indeed the celestial stars, to which is annexed a short but clear instruction to prepare and compose it.). 1625. Available at <https://digital.slub-dresden.de/werkansicht/dlf/8429>, via Sächsischen Landesbibliothek Staats- und Universitätsbibliothek Dresden, Astron.582,10."
呂埃勒（歐洲）,ruelle,3,Doina Bucur. The network signature of constellation line figures. arXiv e-prints. arXiv:2110.12329 [cs.SI]. 2021. Available at <https://arxiv.org/abs/2110.12329>.
薩米（歐洲）,sami,1,Website about Samis. samer.se
薩米（歐洲）,sami,2,Sami people. Article in Wikipedia.
薩米（歐洲）,sami,3,"Bo Lundmark. Bæi'vi mánno nástit (Swedish title: Sol-och månkult samt astrala och celesta föreställninga bland samerna), Sun and Moon cult and astral and celestial concepts among the Sami, 1982."
薩丁尼亞（歐洲）,sardinian,1,Stars and constellations in sardinian language. Link
薩丁尼亞（歐洲）,sardinian,2,Stellarium Script: Sardinian Constellations Tour. Link
西伯利亞（亞洲）,siberian,1,"Svjatskij, D.O. Astronomija Drevnej Rusi. - M., 2007. - 664 s."
西伯利亞（亞洲）,siberian,2,"Svjatskij, D.O. Pod svodom hrustal'nogo neba: Ocherki po astral'noj mifologii v oblasti religioznogo i narodnogo mirovozzrenija. Izd. 2-e M.: Knizhnyj dvor ""LIBROKOM"", 2011. - 192 s."
西伯利亞（亞洲）,siberian,3,"Rut, M.E. Slovar' astronimov. Zvezdnoe nebo po-russki. - M.: AST-PRESS KNIGA, 2010. - 288 s."
西伯利亞（亞洲）,siberian,4,"Karpenko, Ju.A. Nazvanija zvezdnogo neba. - M.: Nauka, 1981. - 184 s."
東加（大洋洲）,tongan,1,"Velt Kik, Ko E Ngaahi fetu'u 'o, Stars over tonga, 1990 'Atenisi University, Nuku'alofa , Tonga Government printing department."
東加（大洋洲）,tongan,2,"T.H Fale, Tongan astronomy, 1990 Polynesian Eyes foundation, Nuku'alofa, TongaChoice printing."
東加（大洋洲）,tongan,3,"E. E. V. Collocott, Tongan astronomy and calendar, 1992 Occasional Papers of the Bernice Pauahi Bishop Museum of Polynesian ethnology and Natural History, Vol. 8, No. 4 Honolulu, Hawaii, Bishop Museum Press 1922, p. 157-173."
圖卡諾（美洲）,tukano,1,"Cardoso, Walmir Thomazi. Sao Paulo, 2007. Thesis Abstract"
圖卡諾（美洲）,tukano,2,"Cardoso, Walmir Thomazi. Sao Paulo, 2007. Thesis"
圖皮-瓜拉尼（美洲）,tupi,1,The Tupi People. Wikipedia article
圖皮-瓜拉尼（美洲）,tupi,2,The Brazilian Indigenous Constellations by Germano Bruno Afonso (Portugese). PDF
