文化,資料夾,Stellarium ID,區域,分類,星座數,具名天體數,社團清單條目,完全對應,模糊對應,未對應,社內檔案,簡介(zh),作者,授權,參考文獻數
阿努塔（大洋洲）,Anutan in Oceania,anutan,Oceania,ethnographic,11,11,15,15,0,0,anutan_star_chart.rtf,阿努塔是美拉尼西亞所羅門群島東南部的一個小島，居住著一個文化上的波利尼西亞社會。對於大多數遠洋海員來說，星空是遠程導航最重要的工具。主要的引導星和星座被稱為“載體”（kaavenga），並有專有名稱。一個 star path 或星序列 (kau panonga porau) 從一個島嶼到下一個島嶼。,"This sky culture was contributed by Doina Bucur (d.bucur@utwente.nl). It was digitised for the cross-culture analysis of constellation line figures in reference [2], The network signature of constella…",CC BY-SA,2
阿拉伯・蘇菲,Arabic Al-sufic,arabic_al-sufi,Middle East,single,52,52,52,46,6,0,arabic_al_sufi_star_chart.rtf,這種天空文化反映了 10 世紀天文學家 Al-Ṣūfī 所著的《星之書》（阿拉伯語：كتاب الكواكب）。這本書描述了托勒密天文學 48 個古典希臘星座的 1025 顆恆星，將當地的阿拉伯恆星名稱和星群映射到它們，並將 44 顆恆星標識為星盤中的恆星。,Khalid al-Ajaji: turath.alfalak@gmail.com,Illustrations: Public domain[5]. Text and data: CC BY-ND 4.0 Special permission is granted to Stella…,11
阿拉伯・古代,Arabic Ancient,arabic_ancient,Middle East,traditional,116,135,104,98,6,0,arabic_ancient_star_chart.rtf,這種阿拉伯天空文化包含了在九世紀希臘天文學影響之前生活在阿拉伯半島的古代阿拉伯人的本土恆星知識。,Khalid al-Ajaji: turath.alfalak@gmail.com,CC BY-ND 4.0 Special permission is granted to Stellarium Labs to include the licensed material.,9
阿拉伯・阿拉伯半島,Arabic Arabian Peninsula,arabic_arabian_peninsula,Middle East,traditional,45,39,45,44,1,0,arabic_arabian_peninsula_star_chart.rtf,阿拉伯（阿拉伯半島）星空文化反映了阿拉伯半島地區關於星名與星群的民間口述傳統，主要散見於詩歌與諺語。,"Khalid al-Ajaji, turath.alfalak@gmail.com.",CC BY-ND 4.0 Special permission is granted to Stellarium Labs to include the licensed material.,17
阿拉伯・月站,Arabic Lunar Stations,arabic_lunar_stations,Middle East,traditional,51,96,48,41,7,0,arabic_lunar_stations_star_chart.rtf,阿拉伯月球站描述了在古代阿拉伯選擇的 28 個天空區域，以定義月球在每月繞天運行期間的每日位置。,Khalid al-Ajaji: turath.alfalak@gmail.com,CC BY-ND 4.0 Special permission is granted to Stellarium Labs to include the licensed material.,15
白俄羅斯（歐洲）,Belarusian in Europe,belarusian,Europe,single,20,2,20,19,1,0,belarusian_star_chart.rtf,白俄羅斯是東歐的一個國家，東北與俄羅斯接壤，南部與烏克蘭接壤，西部與波蘭接壤，西北與立陶宛和拉脫維亞接壤，因此在天文學星座中可以找到。,"Text and data by Alexander Wolf, Tsimafei Avilin and Johan Meuris. Illustrations by Johan Meuris.",Text and data: CC BY-SA Illustrations: Free Art License,5
黑腳族（美洲）,Blackfoot in America,blackfoot,America,,4,9,4,4,0,0,"blackfoot_star_chat.rtf；The old north trail, or, Life, legends and religion of the Blackfeet Indians.txt；Mythology of the Blackfoot Indians.txt；Stellarium Blackfoot in America.txt",黑腳人是生活在北美大平原北部的一個講阿爾岡昆語的部落。,"This sky culture was contributed by Doina Bucur (d.bucur@utwente.nl). It was digitised for the cross-culture analysis of constellation line figures in reference [4], The network signature of constella…",CC BY-SA,4
布吉斯（亞洲）,Bugis in Asia,bugis,Asia,,12,9,12,12,0,0,bugis_star_chart.rtf；Star patterns in Mandar navigation.pdf；Exploring the history of Southeast Asian Astronomy.pdf；Bugis in Asia.txt；The evolution of local Southeast Asian astronomy.pdf,武吉士是印度尼西亞蘇拉威西島上的一個民族，有著深厚的航海和貿易傳統。這個天空文化有12個星座線圖。它還有四顆恆星和其他五個天體（昴宿星、煤袋星雲、麥哲倫星雲、銀河系和金星）的名稱。許多星座反映了航海傳統；其他的是農業來源。,"This sky culture was contributed by Doina Bucur (d.bucur@utwente.nl). It was digitised for the cross-culture analysis of constellation line figures in reference [3], The network signature of constella…",CC BY-SA,3
中國（亞洲）,Chinese in Asia,chinese,Asia,traditional,318,3027,108,101,7,0,chinese_star_chart.rtf,中國天文學是獨立發展的，並使用其自身的系統來連接恆星。中國傳統的天空文化在東亞具有深遠的影響。在中國古代，星座和行星與占星術有關。,"This sky culture was initially contributed by Karrie Berglund of Digitalis Education Solutions, Inc. based on the Hong Kong Space Museum star maps. Sun Shuwei contributed more than 200 Xingguans and m…",Su Song and Suzhou maps images: Public Domain Text and line: CC BY-SA,11
埃及（中東）,Egyptian in Middle East,egyptian,Middle East,historical,28,7,33,32,1,0,egyptian_star_chart.rtf,埃及晚期的天空文化受到巴比倫和希臘羅馬天文學的影響。星座描繪在著名的丹德爾（Denderah）天文天花板上。,"This sky culture was contributed by Karrie Berglund of Digitalis Education Solutions, Inc. based on the paper ""A Map of the Ancient Egyptian Firmament” by Juan Antonio Belmonte. This sky culture was u…",GNU GPL v2.0,13
夏威夷星線（大洋洲）,Hawaiian in Oceania,hawaiian_starlines,Oceania,traditional,13,70,32,32,0,0,hawaiian_star_chart.rtf,這些是Nainoa Thompson開發的星線，波利尼西亞航海學會使用這些星線，使用傳統的非儀器導航技術在數千英里的遠洋中導航波利尼西亞帆船。,"This sky culture was contributed in 2017 by teachers Darren Kamalu and Christopher Blake, Students Jonah Apo, Nicholas Koanui, Brenden Aila and the Celestial Navigation class at Kamehameha Schools Kap…",CC BY-SA,4
印度吠陀,Indian Vedic,indian,Asia,traditional,28,31,28,28,0,0,indian_vedic_star_chart.rtf；Indian Vedic.rtf,印度天文學有著悠久的歷史，從史前到現代。印度天文學的一些最早起源可以追溯到印度河流域文明時期或更早。,"Tanmoy Saha, Vishvas Vasuki and contributors from the sanskrit-coders community: [github page](https://github.com/sanskrit-coders). Re-worked by Susanne M Hoffmann",CC BY-SA,4
因紐特（美洲）,Inuit in America,inuit,America,ethnographic,11,9,11,11,0,0,"The Arctic sky  Inuit astronomy, star lore, and legend (MacDonald, John, 1940- etc.) (z-library.sk, 1lib.sk, z-lib.sk).pdf；Inuit.txt；inuit_star_chart.rtf",因紐特人是美國北極地區的土著人民，即加拿大中部和東北部以及格陵蘭。他們的文化是北極和亞北極文化的一部分，但是“愛斯基摩人”一詞是指更大的群體（也包括阿拉斯加和貝林海峽兩岸的人）。,"This sky culture was contributed by Karrie Berglund of Digitalis Education Solutions, Inc. based primarily on the book The Arctic Sky: Inuit Astronomy, Star Lore and Legend by John MacDonald. Illustra…",Text and data: GNU GPL v2.0 Illustrations: Free Art License,1
日本月站,Japanese lunar stations,japanese_moon_stations,Asia,historical,28,0,28,26,2,0,A_Cultural_History_of_Astronomy_in_Japan.pdf；East_Asian_Archaeoastronomy_Historical_R.pdf；japanese_star_chart.rtf,日本天文學採用中國的概念和星座，即星空以及將月球的路徑劃分為28個“月台”（月球大廈），作為右升中的參照系。,Text and data by Alexander Wolf Clean-up by Susanne M Hoffmann and the Stellarium's team.,Text and data: CC BY-SA Yasui's Map detail[4] used with authorisation from Steven Renshaw,4
卡米拉羅伊/尤瓦萊（大洋洲）,Kamiloaroi:Euahlayi in Oceania,kamilaroi,Oceania,ethnographic,13,0,12,11,1,0,kumilaroi_star_chart.rtf,卡米拉羅伊人（也稱為Gomeroi）和Euahlayi人是位於新南威爾士州北部的澳大利亞原住民文化群體。他們在歐洲的入侵和大部分國家的滅亡中倖免於難。他們的文化和與國家的聯繫仍然很牢固，包括1860年代首次記錄的廣泛的文化天文學。,Text and lines: Robert S. Fuller from Australian Indigenous Astronomy Illustrations: Ghillar Michael Anderson Technical re-work by Susanne M Hoffmann,"Text, lines and illustrations: CC BY-NC-ND 4.0 Special permission is granted to Stellarium developer…",1
韓國（亞洲）,Korean in Asia,korean,Asia,traditional,271,70,109,99,9,1,korean_star_chart.rtf,中國，韓國和日本星座具有相同的起源，並且外觀非常相似。它們分別在公元8世紀的敦煌星圖，天上尚樂，查邦·雅·吉多地圖和公元7至8世紀繪製的Kitora天空圖中表示。它們的位置和名稱在中文字母中相似。這些星座的名稱最早出現在公元前2000年的漢朝記載夏朝的史記大史中。,"This sky culture was contributed by Stellarium user [Jeong, Tae-Min](http://user.chollian.net/~jtm71/) Reworked by Susanne M Hoffmann",GNU GPL v2.0,2
曼達爾（亞洲）,Mandar in Asia,mandar,Asia,,6,3,6,6,0,0,mandar_star_chart.rtf,曼達爾人是印度尼西亞蘇拉威西島上的一個民族，有著深厚的航海和貿易傳統。水手們使用星星和星座來確定主要方向。,"This sky culture was contributed by Doina Bucur (d.bucur@utwente.nl). It was digitised for the cross-culture analysis of constellation line figures in reference [3], The network signature of constella…",CC BY-SA,3
毛利（大洋洲）,Maori in Oceania,maori,Oceania,traditional,6,24,16,15,1,0,maori_star_chart.rtf,毛利人（新西蘭）的夜空與波利尼西亞的夜空相似，但差異足以保證其自身的天空文化。海上主題是毛利人天空文化的中心，在航海中得到了廣泛的應用。與大多數其他天空文化一樣，突出的恆星的升起和落下被用來指示播種和收穫季節。,This sky culture is a contribution of Stellarium user [Dan Smale](mailto:d.smale@niwa.co.nz),Text and lines: CC BY-SA,2
蒙古（亞洲）,Mongolian in Asia,mongolian,Asia,ethnographic,4,9,4,4,0,0,mongolian_star_chart.rtf,蒙古人是游牧民族，生活在中亞大片地區。他們的文化受到遠東（中國）和近東（波斯，巴比倫，希臘）文化的影響。,"This skyculture is a contribution from two users of Stellarium, [Anthony Lagain](mailto:anthony.lagain@gmail.com) and [Batiste Rousseau](mailto:batiste.rousseau@gmail.com) mainly based on oral tales o…",CC BY-SA,2
納瓦荷（美洲）,Navojo in America,navajo,America,ethnographic,8,0,8,8,0,0,"navojo_star_chart.rtf；Navojo.txt；Star Trails Navajo (Don Childrey) (z-library.sk, 1lib.sk, z-lib.sk).pdf",納瓦霍人是美國最大的美洲原住民部落。納瓦霍族國家橫跨亞利桑那州東北部，猶他州東南部和新墨西哥州西北部。,"This sky culture was contributed by Karrie Berglund of Digitalis Education Solutions, Inc. based primarily on the book Star Trails-Navajo by Don Childrey.",GNU GPL v2.0,1
北歐（歐洲）,Norse in Europe,norse,Europe,incomplete,6,3,5,5,0,0,norse_star_chart.rtf,北歐文化最初被認為是北日耳曼語。以奧丁為主要神靈的前基督教斯堪的納維亞民間傳說被轉變為基督教文化。,This sky culture was contributed by Stellarium user Jonas Persson. Homepage link. Description by Susanne M Hoffmann,CC BY-SA,10
羅馬尼亞（歐洲）,Romanian in Europe,romanian,Europe,traditional,39,8,39,38,1,0,romanian_star_chart.rtf,羅馬尼亞是東南歐的土地。羅馬尼亞流行的恆星神話是從前基督教到現代的幾個歷史時期的混合。,"This sky culture was contributed by Stellarium user Mircea Lite on behalf of Baia Mare Planetarium, as a result of a project called Traditional Romanian Constellations developed in 2012-2013 by the Ba…","Text, lines and illustrations: CC BY-SA",5
呂埃勒（歐洲）,Ruelle in Europe,ruelle,Europe,,70,0,71,67,3,0,ruelle_star_chart.rtf,Alexandre Ruelle 是巴黎天文台的天文學教授。 1786 年，他為大眾繪製了一張星圖（為教育服務），標題為“Nouvelle Uranographie ou methode très facile pour apprendre les constellations”。這張圖表顯示了整個天空的 70 個星座線圖。,This sky culture was contributed by Doina Bucur (d.bucur@utwente.nl). It was digitised for the cross-culture analysis of constellation line figures in The network signature of constellation line figur…,CC BY-SA,3
薩米（歐洲）,Sami in Europe,sami,Europe,traditional,10,0,10,9,1,0,sami_star_chart.rtf,薩米人被認為是挪威北部，瑞典，芬蘭和俄羅斯西部（可拉半島）的原住民。,This sky culture was contributed by Stellarium user Jonas Persson. Homepage link. Technical rework by Susanne M Hoffmann,CC BY-SA,3
薩丁尼亞（歐洲）,Sardinian in Europe,sardinian,Europe,traditional,11,5,11,11,0,0,sardinian_star_chart.rtf,撒丁島是意大利以西的地中海和意大利的科西嘉島以南的兩個大島之一。,These constellations have been created by the Stellarium's user [Giuseppe Putzolu](mailto:giuseppe.putzolu@gmail.com). Slightly re-added by Susanne M Hoffmann,GNU GPL v2.0,2
西伯利亞（亞洲）,Siberian in Asia,siberian,Asia,ethnographic,3,3,3,3,0,0,siberian_star_chart.rtf,西伯利亞是俄羅斯的亞洲部分，即亞洲大陸的北部三分之一。由於它屬於俄羅斯，因此已有數百年的歷史了。,Text and data by Alexander Wolf Text adapted by Susanne M Hoffmann,CC BY-SA,4
東加（大洋洲）,Tongan in Oceania,tongan,Oceania,ethnographic,11,17,23,22,1,0,tongan_star_chart.rtf,像所有波利尼西亞的星際傳說一樣，湯加的天空文化源於航海的實際應用。,This sky culture was contributed by Stellarium user [Dan Smale](d.smale@niwa.co.nz) Technical adaption: Susanne M Hoffmann,CC BY-SA,3
圖卡諾（美洲）,Tukano in America,tukano,America,ethnographic,11,0,11,11,0,0,Tukano in America.txt；Walmir Thomazi Cardoso.pdf；IMG_4220.jpg；tukano_star_chart.rtf,圖卡諾是一群居住在巴西西北部，哥倫比亞和委內瑞拉附近的土著部落的統稱。這項工作中顯示的小組居住在巴西亞馬遜州里約內格羅灣內的里約蒂奎河岸上。,Walmir Thomazi Cardoso gathered this information in a survey that is part of his PhD. Thesis of Ethnomathematics. Illustrations were made by Antonio Gumercindo Taques dos Santos (Ticão) and Youssif Ga…,"Text, lines and illustrations: CC BY-SA",2
圖皮-瓜拉尼（美洲）,Tupi-Guarani in America,tupi,America,ethnographic,7,2,7,7,0,0,indigenas.pdf；Tupi-Guarani.rtf；tupi-guarani_star_chart.rtf；histoiredelamiss00clau.pdf,圖皮瓜拉尼語（Tupi-Guarani）是巴西和其他南美國家的土著人民所說的一族語言的名稱。,This sky culture was contributed by Stellarium user Paulo Marcelo Pontes.,GNU GPL v2.0,2
