來源,ID,類型,英文名,繁中名(＊=暫譯),筆畫,筆畫星數,HIP 順序,國際星名順序,備註
西方/現代,AST modern RH1,指星輔助線,,,筆畫1,3,67301→69673→65474,Alkaid→Arcturus→Spica,無名稱（星橋/指星用連線）
西方/現代,AST modern RH2,指星輔助線,,,筆畫1,6,53910→54061→11767→113881→113963→113368,Merak→Dubhe→Polaris→Scheat→Markab→Fomalhaut,無名稱（星橋/指星用連線）
西方/現代,AST modern RH3,指星輔助線,,,筆畫1,3,65378→11767→6686,Mizar→Polaris→Ruchbah,無名稱（星橋/指星用連線）
西方/現代,AST modern RH4,指星輔助線,,,筆畫1,3,25336→21421→17847,Bellatrix→Aldebaran→Atlas,無名稱（星橋/指星用連線）
西方/現代,AST modern RH5,指星輔助線,,,筆畫1,4,25930→26311→26727→32349,Mintaka→Alnilam→Alnitak→Sirius,無名稱（星橋/指星用連線）
西方/現代,AST modern RH6,指星輔助線,,,筆畫1,4,102098→59774→58001→49669,Deneb→Megrez→Phecda→Regulus,無名稱（星橋/指星用連線）
西方/現代,AST modern RH7,指星輔助線,,,筆畫1,3,58001→54061→15863,Phecda→Dubhe→Mirfak,無名稱（星橋/指星用連線）
西方/現代,AST modern RH8,指星輔助線,,,筆畫1,3,59774→54061→24608,Megrez→Dubhe→Capella,無名稱（星橋/指星用連線）
西方/現代,AST modern RH9,指星輔助線,,,筆畫1,3,59774→53910→36850,Megrez→Merak→Castor,無名稱（星橋/指星用連線）
西方/現代,AST modern RHA,指星輔助線,,,筆畫1,4,59774→11767→746→677,Megrez→Polaris→Caph→Alpheratz,無名稱（星橋/指星用連線）
西方/現代,AST modern RHB,指星輔助線,,,筆畫1,2,60718→2021,Acrux→HIP2021,無名稱（星橋/指星用連線）
西方/現代,AST modern GDi,星群 Asterism,Great Diamond,春季大鑽石,筆畫1,5,69673→65474→57632→63125→69673,Arcturus→Spica→Denebola→Cor Caroli→Arcturus,
西方/現代,AST modern SpT,星群 Asterism,Spring Triangle,春季大三角,筆畫1,4,69673→65474→49669→69673,Arcturus→Spica→Regulus→Arcturus,
西方/現代,AST modern STr,星群 Asterism,Summer Triangle,夏季大三角,筆畫1,4,91262→97649→102098→91262,Vega→Altair→Deneb→Vega,
西方/現代,AST modern GSP,星群 Asterism,Great Square of Pegasus,秋季四邊形（飛馬大四邊形）,筆畫1,5,113963→113881→677→1067→113963,Markab→Scheat→Alpheratz→Algenib→Markab,
西方/現代,AST modern WTr,星群 Asterism,Winter Triangle,冬季大三角,筆畫1,4,32349→37279→27989→32349,Sirius→Procyon→Betelgeuse→Sirius,
西方/現代,AST modern WHx,星群 Asterism,Winter Hexagon (Winter Circle),冬季六邊形（冬季大圓）,筆畫1,7,32349→37279→37826→24608→21421→24436→32349,Sirius→Procyon→Pollux→Capella→Aldebaran→Rigel→Sirius,
西方/現代,AST modern HeG,星群 Asterism,Heavenly G,天空G字*,筆畫1,9,21421→24608→36850→37826→37279→32349→24436→25336→27989,Aldebaran→Capella→Castor→Pollux→Procyon→Sirius→Rigel→Bellatrix→Betelgeuse,
西方/現代,AST modern SoP,星群 Asterism,Segment of Perseus,英仙座弧段*,筆畫1,7,13268→14328→15863→17358→18532→18614→18246,Miram→HIP14328→Mirfak→HIP17358→HIP18532→Menkib→Atik,
西方/現代,AST modern NCr,星群 Asterism,Northern Cross,北十字,筆畫1,4,102098→100453→98110→95947,Deneb→Sadr→HIP98110→Albireo,
西方/現代,AST modern NCr,星群 Asterism,Northern Cross,北十字,筆畫2,3,102488→100453→97165,Aljanah→Sadr→Fawaris,
西方/現代,AST modern WAs,星群 Asterism,W,仙后座W,筆畫1,5,8886→6686→4427→3179→746,Segin→Ruchbah→Navi→Shedar→Caph,
西方/現代,AST modern KSt,星群 Asterism,Keystone,武仙座拱頂石,筆畫1,5,83207→81693→81833→84380→83207,HIP83207→HIP81693→HIP81833→HIP84380→HIP83207,
西方/現代,AST modern Bfl,星群 Asterism,Butterfly,蝴蝶*,筆畫1,8,83207→81693→81833→84380→83207→84379→80816→81693,HIP83207→HIP81693→HIP81833→HIP84380→HIP83207→Sarin→Kornephoros→HIP81693,
西方/現代,AST modern Kit,星群 Asterism,Kite,牧夫座風箏*,筆畫1,7,69673→72105→74666→73555→71075→71053→69673,Arcturus→Izar→Thiba→Nekkar→Seginus→HIP71053→Arcturus,
西方/現代,AST modern Sal,星群 Asterism,Sail,帆*,筆畫1,6,59316→61359→60965→59803→59316→59199,Minkar→Kraz→Algorab→Gienah→Minkar→Alchiba,
西方/現代,AST modern CoH,星群 Asterism,Coathanger,衣架星群,筆畫1,6,95818→95700→95584→95487→95340→95291,HIP95818→HIP95700→HIP95584→HIP95487→HIP95340→HIP95291,
西方/現代,AST modern CoH,星群 Asterism,Coathanger,衣架星群,筆畫2,5,95584→95560→95582→95498→95432,HIP95584→HIP95560→HIP95582→HIP95498→HIP95432,
西方/現代,AST modern JbC,星群 Asterism,Job's Coffin,約伯之棺*,筆畫1,5,102532→101958→101769→102281→102532,Al Salib→Sualocin→Rotanev→Al Ukud→Al Salib,
西方/現代,AST modern VTa,星群 Asterism,V of Taurus,金牛座V字（畢宿V）,筆畫1,6,21421→20894→20205→20455→20648→20889,Aldebaran→Chamukuy→Prima Hyadum→Secunda Hyadum→HIP20648→Ain,
西方/現代,AST modern TrM,星群 Asterism,Lesser Triangle,,筆畫1,4,11486→10793→10280→11486,HIP11486→HIP10793→HIP10280→HIP11486,原文: Triangulum Minus
西方/現代,AST modern RoC,星群 Asterism,Charles' Oak,,筆畫1,14,53546→52150→50954→50099→50371→51232→52154→52727→51986→51635→51561→51610→51816→52112,HIP53546→HIP52150→HIP50954→HIP50099→HIP50371→HIP51232→HIP52154→HIP52727→HIP51986→HIP51635→HIP51561→HIP51610→HIP51816→HIP52112,原文: Robur Carolinum
西方/現代,AST modern RoC,星群 Asterism,Charles' Oak,,筆畫2,4,53379→53773→54360→54929,HIP53379→HIP53773→HIP54360→HIP54929,原文: Robur Carolinum
西方/現代,AST modern RoC,星群 Asterism,Charles' Oak,,筆畫3,7,56000→54929→54811→54718→54137→53106→52727,HIP56000→HIP54929→HIP54811→HIP54718→HIP54137→HIP53106→HIP52727,原文: Robur Carolinum
西方/現代,AST modern RoC,星群 Asterism,Charles' Oak,,筆畫4,6,54746→54783→54291→54264→53771→52154,HIP54746→HIP54783→HIP54291→HIP54264→HIP53771→HIP52154,原文: Robur Carolinum
西方/現代,AST modern RoC,星群 Asterism,Charles' Oak,,筆畫5,3,51232→50676→50555,HIP51232→HIP50676→HIP50555,原文: Robur Carolinum
西方/現代,AST modern RoC,星群 Asterism,Charles' Oak,,筆畫6,3,50676→51140→51523,HIP50676→HIP51140→HIP51523,原文: Robur Carolinum
西方/現代,AST modern RoC,星群 Asterism,Charles' Oak,,筆畫7,5,54673→54327→53272→52520→50099,HIP54673→HIP54327→HIP53272→HIP52520→HIP50099,原文: Robur Carolinum
西方/現代,AST modern RoC,星群 Asterism,Charles' Oak,,筆畫8,4,52520→52419→51576→50371,HIP52520→HIP52419→HIP51576→HIP50371,原文: Robur Carolinum
西方/現代,AST modern RoC,星群 Asterism,Charles' Oak,,筆畫9,2,51576→53253,HIP51576→HIP53253,原文: Robur Carolinum
西方/現代,AST modern RoC,星群 Asterism,Charles' Oak,,筆畫10,7,52419→54301→54461→54751→54463→55425→54840,HIP52419→HIP54301→HIP54461→HIP54751→HIP54463→HIP55425→HIP54840,原文: Robur Carolinum
西方/現代,AST modern RoC,星群 Asterism,Charles' Oak,,筆畫11,2,55425→55849,HIP55425→HIP55849,原文: Robur Carolinum
西方/現代,AST modern TrP,星群 Asterism,Ptolemy's Triangle,托勒密三角*,筆畫1,4,69673→76267→71075→69673,Arcturus→Alphecca→Seginus→Arcturus,
西方/現代,AST modern OQu,星群 Asterism,Ostrich quadrangle,,筆畫1,5,8645→8102→5364→6537→8645,Baten Kaitos→Al Naymat II→Dheneb→Al Naymat I→Baten Kaitos,
西方/現代,AST modern Yfg,星群 Asterism,Y figure,,筆畫1,2,55642→55434,HIP55642→HIP55434,
西方/現代,AST modern Yfg,星群 Asterism,Y figure,,筆畫2,4,54182→55434→55945→56647,HIP54182→HIP55434→HIP55945→HIP56647,
西方/現代,AST modern TTL,星群 Asterism,Theta-theta-line,,筆畫1,4,99473→97804→95501→92946,Almizan III→Almizan II→Almizan I→Alya,
西方/現代,AST modern Qud,星群 Asterism,Quadrangle,,筆畫1,5,107310→109176→107348→105502→107310,HIP107310→HIP109176→HIP107348→HIP105502→HIP107310,
西方/現代,AST modern Bie,星群 Asterism,Bier,棺架*,筆畫1,5,54061→53910→58001→59774→54061,Dubhe→Merak→Phecda→Megrez→Dubhe,
西方/現代,AST modern GoP,星群 Asterism,Guardians of the Pole (Guards),北極守衛*,筆畫1,2,72607→75097,Kochab→Pherkad,
西方/現代,AST modern MCs,星群 Asterism,Mini-Cassiopeia,迷你仙后*,筆畫1,5,97679→97886→98375→98636→99080,HIP97679→HIP97886→HIP98375→HIP98636→HIP99080,
西方/現代,AST modern BDr,星群 Asterism,Big Dipper (Plough),北斗七星,筆畫1,8,67301→65378→62956→59774→54061→53910→58001→59774,Alkaid→Mizar→Alioth→Megrez→Dubhe→Merak→Phecda→Megrez,
西方/現代,AST modern LDr,星群 Asterism,Little Dipper,小北斗,筆畫1,8,11767→85822→82080→77055→79822→75097→72607→77055,Polaris→Yildun→Circitores→Akfa Farkadain→HIP79822→Pherkad→Kochab→Akfa Farkadain,
西方/現代,AST modern SSR,星群 Asterism,Seven Stars Row,七星列*,筆畫1,7,15863→9640→5447→3092→677→113881→112158,Mirfak→Almach→Mirach→HIP3092→Alpheratz→Scheat→Matar,
西方/現代,AST modern Ptr,星群 Asterism,The Pointers,指極星,筆畫1,3,71683→68702→62434,Alpha Centauri→Hadar→Mimosa,
西方/現代,AST modern HDr,星群 Asterism,Dragon Head (Lozenge),天龍座頭（菱形）*,筆畫1,5,85670→87833→87585→85819→85670,Rastaban→Eltanin→Grumium→HIP85819→Rastaban,
西方/現代,AST modern HMG,星群 Asterism,Head of Medusa Gorgon,梅杜莎之首*,筆畫1,5,14576→13879→14354→14817→14576,Algol→Gorgonea Secunda→Gorgonea Tertia→Gorgonea Quarta→Algol,
西方/現代,AST modern Goa,星群 Asterism,Goatlings (Kids),御夫座小羊*,筆畫1,4,23767→23453→23416→23767,Haedus→Saclateni→Almaaz→Haedus,
西方/現代,AST modern Urn,星群 Asterism,The Y in Aquarius (The Urn or Water Jar),寶瓶座水瓶Y字*,筆畫1,2,110395→110960,Sadachbia→Sadaltager,
西方/現代,AST modern Urn,星群 Asterism,The Y in Aquarius (The Urn or Water Jar),寶瓶座水瓶Y字*,筆畫2,2,111497→110960,HIP111497→Sadaltager,
西方/現代,AST modern Urn,星群 Asterism,The Y in Aquarius (The Urn or Water Jar),寶瓶座水瓶Y字*,筆畫3,2,110672→110960,Seat→Sadaltager,
西方/現代,AST modern OrB,星群 Asterism,Orion's Belt,獵戶座腰帶（參宿三星）,筆畫1,3,25930→26311→26727,Mintaka→Alnilam→Alnitak,
西方/現代,AST modern OrS,星群 Asterism,Orion's Sword,獵戶座劍,筆畫1,3,26241→26221→26237,Hatysa→Becklin's Star→Mizan Batil I,
西方/現代,AST modern OSh,星群 Asterism,Orion's Shield,獵戶座盾*,筆畫1,7,22845→22509→22449→22549→22730→22797→23123,Al Taj IV→Al Taj I→Tabit→Al Taj II→HIP22730→Al Taj III→Al Taj V,
西方/現代,AST modern OrC,星群 Asterism,Orion's Cudgel,獵戶座棍棒*,筆畫1,6,27913→28716→29434→29426→29038→27913,HIP27913→HIP28716→HIP29434→HIP29426→HIP29038→HIP27913,
西方/現代,AST modern HWl,星群 Asterism,Head of Whale,鯨魚座頭*,筆畫1,7,14135→13954→12828→11484→12093→12706→14135,Menkar→Menkar→HIP12828→Al Kaff al Jidhmah II→HIP12093→Kaffaljidhma→Menkar,
西方/現代,AST modern HSr,星群 Asterism,Head of Serpent,巨蛇座頭*,筆畫1,5,78481→77450→77233→78072→78481,HIP78481→Gudja→Nasak Shamiya I→Nasak Shamiya II→HIP78481,
西方/現代,AST modern HSr,星群 Asterism,Head of Serpent,巨蛇座頭*,筆畫2,2,78072→77450,Nasak Shamiya II→Gudja,
西方/現代,AST modern HHy,星群 Asterism,Head of Hydra,長蛇座頭*,筆畫1,6,43813→43109→42313→42402→42799→43813,Minazal V→Ashlesha→Minazal I→Minchir→Minazal II→Minazal V,
西方/現代,AST modern Tea,星群 Asterism,Teapot,茶壺,筆畫1,12,93506→92041→89931→90185→93506→93864→92855→92041→90496→89931→88635→90185,Ascella→Namalsadirah I→Kaus Media→Kaus Australis→Ascella→Namalsadirah II→Nunki→Namalsadirah I→Kaus Borealis→Kaus Media→Alnasl→Kaus Australis,
西方/現代,AST modern Mlk,星群 Asterism,Milk Dipper,南斗六星（奶勺）,筆畫1,6,92041→92855→93864→93506→92041→90496,Namalsadirah I→Nunki→Namalsadirah II→Ascella→Namalsadirah I→Kaus Borealis,
西方/現代,AST modern Ter,星群 Asterism,Auger,,筆畫1,2,98066→98688,Terebellum→Terebellum IV,原文: Terebellum
西方/現代,AST modern Ter,星群 Asterism,Auger,,筆畫2,2,98353→98162,Terebellum III→Terebellum II,原文: Terebellum
西方/現代,AST modern ECr,星群 Asterism,Egyptian Cross,埃及十字*,筆畫1,2,32349→37279,Sirius→Procyon,
西方/現代,AST modern ECr,星群 Asterism,Egyptian Cross,埃及十字*,筆畫2,2,32349→27989,Sirius→Betelgeuse,
西方/現代,AST modern ECr,星群 Asterism,Egyptian Cross,埃及十字*,筆畫3,2,32349→26634,Sirius→Phact,
西方/現代,AST modern ECr,星群 Asterism,Egyptian Cross,埃及十字*,筆畫4,2,32349→39429,Sirius→Naos,
西方/現代,AST modern FCr,星群 Asterism,False Cross,假十字,筆畫1,2,42913→45556,Alsephina→Aspidiske,
西方/現代,AST modern FCr,星群 Asterism,False Cross,假十字,筆畫2,2,45941→41037,Markeb→Avior,
西方/現代,AST modern Sic,星群 Asterism,Sickle,獅子座鐮刀（軒轅鐮）,筆畫1,6,49669→49583→50583→50335→48455→47908,Regulus→Al Jabhah→Algieba→Adhafera→Rasalas→Algenubi,
西方/現代,AST modern DCr,星群 Asterism,Diamond Cross,鑽石十字,筆畫1,2,45238→52419,Miaplacidus→HIP52419,
西方/現代,AST modern DCr,星群 Asterism,Diamond Cross,鑽石十字,筆畫2,2,48002→50099,HIP48002→HIP50099,
西方/現代,AST modern Cir,星群 Asterism,Circlet,雙魚座小環*,筆畫1,8,114971→115738→116928→117245→116771→115830→115227→114971,HIP114971→HIP115738→HIP116928→HIP117245→HIP116771→HIP115830→HIP115227→HIP114971,
西方/現代,AST modern TAK,星群 Asterism,The Arc of the King,國王之弧*,筆畫1,6,116727→114222→111532→109400→107119→106032,Errai→Al Aghnam II→HIP111532→HIP109400→HIP107119→Alfirk,
西方/現代,AST modern HCn,星群 Asterism,Head of Centaurus,半人馬座頭*,筆畫1,5,67153→67457→67669→67786→67153,HIP67153→HIP67457→HIP67669→HIP67786→HIP67153,
西方/現代,AST modern SuO,星群 Asterism,Sweat of Ophiuchus,,筆畫1,12,83613→83504→83478→83430→83435→83308→83221→83083→82915→82870→83034→83083,HIP83613→HIP83504→HIP83478→HIP83430→HIP83435→HIP83308→HIP83221→HIP83083→HIP82915→HIP82870→HIP83034→HIP83083,原文: Sudor Ophiuchi
西方/現代,AST modern VMr,星群 Asterism,Venus' Mirror,維納斯之鏡*,筆畫1,7,26241→26237→25281→25930→26311→26727→26237,Hatysa→Mizan Batil I→Saif al Jabbar→Mintaka→Alnilam→Alnitak→Mizan Batil I,
西方/現代,AST modern OBf,星群 Asterism,The Butterfly of Orion,獵戶蝴蝶*,筆畫1,8,27366→24436→27989→25336→25930→26311→26727→27366,Saiph→Rigel→Betelgeuse→Bellatrix→Mintaka→Alnilam→Alnitak→Saiph,
西方/現代,AST modern FHA,星群 Asterism,The Fish Hook,魚鉤（毛利大魚鉤）*,筆畫1,11,85927→86670→87073→86228→84143→82729→82514→82396→81266→80763→80112,Shaula→Mula→Girtab→Sargas→HIP84143→HIP82729→Xamidimura→Larawag→Paikauhale→Antares→Alniyat,
西方/現代,AST modern BPN,星群 Asterism,The Bull of Poniatowski,波尼亞托夫斯基的公牛*,筆畫1,5,88149→88192→88290→88601→88964,HIP88149→HIP88192→HIP88290→HIP88601→HIP88964,原文: Taurus Poniatowii
西方/現代,AST modern TrB,星群 Asterism,The Trapezoid,梯形*,筆畫1,5,71075→73555→75411→74666→71075,Seginus→Nekkar→Alkalurops→Thiba→Seginus,
西方/現代,AST modern TPT,星群 Asterism,The Three Patriarchs,三族長*,筆畫1,4,82273→74946→77952→82273,Atria→HIP74946→HIP77952→Atria,
西方/現代,AST modern NFy,星群 Asterism,The Northern Fly,北蠅*,筆畫1,4,13061→13209→12719→13061,Lilii Borea→Bharani→Barani II→Lilii Borea,
西方/現代,AST modern BA1,星群 Asterism,Davis' Dog,戴維斯之犬*,筆畫1,4,20789→20711→20635→20557,HIP20789→Alkalbain V→Alkalbain III→HIP20557,
西方/現代,AST modern BA1,星群 Asterism,Davis' Dog,戴維斯之犬*,筆畫2,2,20842→20557,HIP20842→HIP20557,
西方/現代,AST modern BA1,星群 Asterism,Davis' Dog,戴維斯之犬*,筆畫3,3,20712→20557→20349,HIP20712→HIP20557→HIP20349,
西方/現代,AST modern BA1,星群 Asterism,Davis' Dog,戴維斯之犬*,筆畫4,2,20493→20349,HIP20493→HIP20349,
西方/現代,AST modern BA1,星群 Asterism,Davis' Dog,戴維斯之犬*,筆畫5,4,20417→20349→20171→20186,HIP20417→HIP20349→HIP20171→HIP20186,
西方/現代,AST modern BA1,星群 Asterism,Davis' Dog,戴維斯之犬*,筆畫6,2,20171→20087,HIP20171→HIP20087,
西方/現代,AST modern BA1,星群 Asterism,Davis' Dog,戴維斯之犬*,筆畫7,2,20171→19990,HIP20171→HIP19990,
西方/現代,AST modern BA2,星群 Asterism,Frederick's Glory,,筆畫1,5,116805→116584→117221→116805→116631,HIP116805→HIP116584→HIP117221→HIP116805→HIP116631,原文: Honores Friderici
西方/現代,AST modern QuM,星群 Asterism,Mural quadrant,,筆畫1,10,78286→78542→77738→76651→73909→72508→73100→74083→76594→78286,HIP78286→HIP78542→HIP77738→HIP76651→HIP73909→HIP72508→HIP73100→HIP74083→HIP76594→HIP78286,原文: Quadrans Muralis
西方/現代,AST modern QuM,星群 Asterism,Mural quadrant,,筆畫2,10,76594→76957→76311→76376→77272→76651→75788→75587→75043→74083,HIP76594→HIP76957→HIP76311→HIP76376→HIP77272→HIP76651→HIP75788→HIP75587→HIP75043→HIP74083,原文: Quadrans Muralis
西方/現代,AST modern EnP,星群 Asterism,Engagement ring of Polaris,北極星訂婚戒*,筆畫1,2,11767→11767,Polaris→Polaris,
西方/現代,AST modern ChG,星群 Asterism,Christmas Goose,聖誕鵝*,筆畫1,7,15669→15770→15988→16118→16210→16244→16447,HIP15669→HIP15770→HIP15988→HIP16118→HIP16210→HIP16244→HIP16447,
西方/現代,AST modern ChG,星群 Asterism,Christmas Goose,聖誕鵝*,筆畫2,4,15988→16147→16244→16424,HIP15988→HIP16147→HIP16244→HIP16424,
西方/現代,AST modern Arr,星群 Asterism,The Arrow,箭*,筆畫1,2,61212→61296,HIP61212→HIP61296,
西方/現代,AST modern Arr,星群 Asterism,The Arrow,箭*,筆畫2,3,60994→61296→61466,HIP60994→HIP61296→HIP61466,
西方/現代,AST modern FMi,星群 Asterism,The Flying Minnow,飛鰷*,筆畫1,6,24727→24799→24879→24832→24740→24727,HIP24727→HIP24799→HIP24879→HIP24832→HIP24740→HIP24727,
西方/現代,AST modern Hr7,星群 Asterism,Harrington 7,Harrington 7,筆畫1,4,79952→79947→79858→79767,HIP79952→HIP79947→HIP79858→HIP79767,
西方/現代,AST modern ShC,星群 Asterism,Shadow Cross,,筆畫1,1,54294→IC2602,HIP54294,
西方/現代,AST modern ShC,星群 Asterism,Shadow Cross,,筆畫2,1,54301,HIP54301,
西方/現代,AST modern TA2,星群 Asterism,Kemble's Kite (Kemble 3),,筆畫1,2,16319→16420,HIP16319→HIP16420,
西方/現代,AST modern TA2,星群 Asterism,Kemble's Kite (Kemble 3),,筆畫2,1,16420,HIP16420,
西方/現代,AST modern TA3,星群 Asterism,Mini-Cassiopeia (Kemble 2),迷你仙后（Kemble 2）*,筆畫1,3,91121→91163→91039,HIP91121→HIP91163→HIP91039,
西方/現代,AST modern TA5,星群 Asterism,The Hercules Keystone,武仙座拱頂石,筆畫1,4,1961→1915→1732→1729,HIP1961→HIP1915→HIP1732→HIP1729,
西方/現代,AST modern TA5,星群 Asterism,The Hercules Keystone,武仙座拱頂石,筆畫2,3,1915→1765→1958,HIP1915→HIP1765→HIP1958,
西方/現代,AST modern TA5,星群 Asterism,The Hercules Keystone,武仙座拱頂石,筆畫3,2,1765→1660,HIP1765→HIP1660,
西方/現代,AST modern TA5,星群 Asterism,The Hercules Keystone,武仙座拱頂石,筆畫4,3,1732→1660→1537,HIP1732→HIP1660→HIP1537,
西方/現代,AST modern TA6,星群 Asterism,Pouring Cup,傾杯*,筆畫1,6,9965→9915→10171→10212→10324→9965,HIP9965→HIP9915→HIP10171→HIP10212→Al Kaff al Jidhmah I→HIP9965,
西方/現代,AST modern TA6,星群 Asterism,Pouring Cup,傾杯*,筆畫2,1,10212,HIP10212,
西方/現代,AST modern TA7,星群 Asterism,Mini-Dipper,迷你斗*,筆畫1,7,54061→53860→53463→52877→52353→52425→50685,Dubhe→HIP53860→HIP53463→HIP52877→HIP52353→HIP52425→HIP50685,
西方/現代,AST modern TA7,星群 Asterism,Mini-Dipper,迷你斗*,筆畫2,6,52353→50933→50685→49765→47594→46977,HIP52353→HIP50933→HIP50685→HIP49765→HIP47594→Althiba VII,
西方/現代,AST modern TA8,星群 Asterism,The Stargate,星門*,筆畫1,5,61449→61466→61486→61449→61486,HIP61449→HIP61466→HIP61486→HIP61449→HIP61486,
西方/現代,AST modern TA8,星群 Asterism,The Stargate,星門*,筆畫2,1,61466,HIP61466,
西方/現代,AST modern TA9,星群 Asterism,The Jaws,巨顎*,筆畫1,1,61656,HIP61656,
西方/現代,AST modern TA10,星群 Asterism,Red-Necked Emu,紅頸鴯鶓*,筆畫1,5,99770→99777→99769→99719→99628,HIP99770→HIP99777→HIP99769→HIP99719→HIP99628,
西方/現代,AST modern TA10,星群 Asterism,Red-Necked Emu,紅頸鴯鶓*,筆畫2,2,99719→99667,HIP99719→HIP99667,
西方/現代,AST modern TA11,星群 Asterism,Medium Bull,中公牛*,筆畫1,3,87790→87860→87901,HIP87790→HIP87860→HIP87901,
印度,AST indian Aśv,星群 Asterism,Ashvins,,筆畫1,2,8832→8903,Mesarthim→Sheratan,原文: अश्विनी
印度,AST indian Bhar,星群 Asterism,Bearer,,筆畫1,3,12719→13061→13209,Barani II→Lilii Borea→Bharani,原文: भरणी
印度,AST indian Kṛt,星群 Asterism,To Cut,,筆畫1,8,17851→17847→17702→17608→17499→17531→17573→17579,Pleione→Atlas→Alcyone→Merope→Electra→Taygeta→Maia→Asterope,原文: कृत्तिकाः
印度,AST indian Roh,星群 Asterism,Red,,筆畫1,2,21421→21421,Aldebaran→Aldebaran,原文: रोहिणी
印度,AST indian Mṛg,星群 Asterism,Deer's head,,筆畫1,3,26207→26176→26366,Meissa→Heka→HIP26366,原文: मृगशिराः
印度,AST indian Ārd,星群 Asterism,Moist One,,筆畫1,2,27989→27989,Betelgeuse→Betelgeuse,原文: आर्द्रा
印度,AST indian PVas,星群 Asterism,Return of wealth,,筆畫1,2,36850→37826,Castor→Pollux,原文: पुनर्वसू
印度,AST indian Puṣ,星群 Asterism,Nourisher,,筆畫1,2,42911→41822,Asellus Australis→HIP41822,原文: पुष्यम्
印度,AST indian Aśl,星群 Asterism,Embrace,,筆畫1,5,43109→42313→42402→42799→43234,Ashlesha→Minazal I→Minchir→Minazal II→Minazal IV,原文: आश्लोषा
印度,AST indian Magh,星群 Asterism,Mighty,,筆畫1,2,49669→49669,Regulus→Regulus,原文: मघा
印度,AST indian PPhā,星群 Asterism,Former Reddish One,,筆畫1,2,54872→54879,Zosma→Chertan,原文: पूर्वफाल्गुनी
印度,AST indian UPhā,星群 Asterism,Latter Reddish One,,筆畫1,2,57632→57565,Denebola→HIP57565,原文: उत्तरफाल्गुनी
印度,AST indian Hasta,星群 Asterism,Hand,,筆畫1,2,60965→61359,Algorab→Kraz,原文: हस्तः
印度,AST indian Hasta,星群 Asterism,Hand,,筆畫2,4,60965→59803→59316→59199,Algorab→Gienah→Minkar→Alchiba,原文: हस्तः
印度,AST indian Hasta,星群 Asterism,Hand,,筆畫3,2,59316→61359,Minkar→Kraz,原文: हस्तः
印度,AST indian Chitr,星群 Asterism,Bright One,,筆畫1,2,65474→65474,Spica→Spica,原文: चित्रा
印度,AST indian Svā,星群 Asterism,Independent One,,筆畫1,2,69673→69673,Arcturus→Arcturus,原文: स्वाती
印度,AST indian Viś,星群 Asterism,Branching Out,,筆畫1,3,76333→74785→72622,Zubenelhakrabi→Zubeneschamali→Zubenelgenubi II,原文: विशाखे
印度,AST indian Viś,星群 Asterism,Branching Out,,筆畫2,2,74785→74392,Zubeneschamali→HIP74392,原文: विशाखे
印度,AST indian Anur,星群 Asterism,Following Rādhā,,筆畫1,3,78820→78401→78265,Acrab→Dschubba→Fang,原文: अनुराधाः
印度,AST indian Jyeṣ,星群 Asterism,Eldest,,筆畫1,3,80112→80763→81266,Alniyat→Antares→Paikauhale,原文: ज्येष्ठा
印度,AST indian Mūl,星群 Asterism,Root,,筆畫1,9,82396→82545→82729→84143→86228→87073→86670→85927→85696,Larawag→Pipirima→HIP82729→HIP84143→Sargas→Girtab→Mula→Shaula→Lesath,原文: मूलम्
印度,AST indian PAṣ,星群 Asterism,Former Invincible,,筆畫1,2,90185→89931,Kaus Australis→Kaus Media,原文: पूर्वाषाढा
印度,AST indian UAṣ,星群 Asterism,Latter Invincible,,筆畫1,2,92855→93506,Nunki→Ascella,原文: उत्तराषाढा
印度,AST indian Abh,星群 Asterism,Victorious,,筆畫1,3,91926→91262→91971,Double Double II→Vega→Nasr Alwaki I,原文: अभिजित्
印度,AST indian Śra,星群 Asterism,To Hear,,筆畫1,3,98036→97649→97278,Alshain→Altair→Tarazed,原文: श्रवणः
印度,AST indian Dhani,星群 Asterism,Wealthiest,,筆畫1,2,102281→101958,Al Ukud→Sualocin,原文: धनिष्ठा
印度,AST indian Śata,星群 Asterism,A Hundred Physicians,,筆畫1,2,110395→110395,Sadachbia→Sadachbia,原文: शतभिषक्
印度,AST indian PBhā,星群 Asterism,Former Blessed Feet,,筆畫1,2,113881→113963,Scheat→Markab,原文: पूर्वभाद्रपदाः
印度,AST indian UBhā,星群 Asterism,Latter Blessed Feet,,筆畫1,2,1067→667,Algenib→HIP667,原文: उत्तरभाद्रपदाः
印度,AST indian Rev,星群 Asterism,Prosperous,,筆畫1,2,5737→5737,Revati→Revati,原文: रेवती
阿拉伯・蘇菲,AST arabic_al-sufi Frqd,星群 Asterism,The two oryx calves,,筆畫1,2,72607→75097,Kochab→Pherkad,原文: الفرقدان
阿拉伯・蘇菲,AST arabic_al-sufi Raha,星群 Asterism,The axe of the grindstone,,筆畫1,9,11767→85822→82080→77055→72607→70692→69112→62572→11767,Polaris→Yildun→Circitores→Akfa Farkadain→Kochab→HIP70692→HIP69112→HIP62572→Polaris,原文: فأس الرحى
阿拉伯・蘇菲,AST arabic_al-sufi BNaS,星群 Asterism,The smaller daughters of Na'sh,,筆畫1,8,11767→85822→82080→77055→72607→75097→79822→77055,Polaris→Yildun→Circitores→Akfa Farkadain→Kochab→Pherkad→HIP79822→Akfa Farkadain,原文: بنات نعش الصغرى
阿拉伯・蘇菲,AST arabic_al-sufi BNaK,星群 Asterism,Daughters of Na'sh,,筆畫1,8,67301→65378→62956→59774→58001→53910→54061→59774,Alkaid→Mizar→Alioth→Megrez→Phecda→Merak→Dubhe→Megrez,原文: بنات نعش
阿拉伯・蘇菲,AST arabic_al-sufi SBNa,星群 Asterism,The couch of daughters of Na'sh,,筆畫1,5,59774→58001→53910→54061→59774,Megrez→Phecda→Merak→Dubhe→Megrez,原文: سرير بنات نعش
阿拉伯・蘇菲,AST arabic_al-sufi Ziba,星群 Asterism,The Gazelles And Their Youngsters,,筆畫1,24,39340→40015→45764→48893→49765→51401→52064→51992→51697→52264→56410→56109→52959→45896→39938→42576→46351→49363→48638→47911→44625→42434→40646→39340,HIP39340→HIP40015→HIP45764→HIP48893→HIP49765→HIP51401→HIP52064→HIP51992→HIP51697→HIP52264→HIP56410→HIP56109→HIP52959→HIP45896→HIP39938→HIP42576→HIP46351→HIP49363→HIP48638→HIP47911→HIP44625→HIP42434→HIP40646→HIP39340,原文: الظباء وأولاد الظباء
阿拉伯・蘇菲,AST arabic_al-sufi Hawd,星群 Asterism,The water pool,,筆畫1,6,45075→46733→48319→48402→46853→44901,Alhaud II→Alhaud IV→Alhaud VI→Alhaud VII→Alhaud V→Alhaud I,原文: الحوض
阿拉伯・蘇菲,AST arabic_al-sufi Qfz1,星群 Asterism,The first leap,,筆畫1,2,55219→55203,Alula Borealis→Alula Australis,原文: القفزة الأولى
阿拉伯・蘇菲,AST arabic_al-sufi Qfz2,星群 Asterism,The second leap,,筆畫1,2,50372→50801,Tania Borealis→Tania Australis,原文: القفزة الثانية
阿拉伯・蘇菲,AST arabic_al-sufi Qfz3,星群 Asterism,The third leap,,筆畫1,2,44127→44471,Talitha→Alkaphrah,原文: القفزة الثالثة
阿拉伯・蘇菲,AST arabic_al-sufi Qfzt,星群 Asterism,The leaps,,筆畫1,2,55219→55203,Alula Borealis→Alula Australis,原文: القفزات
阿拉伯・蘇菲,AST arabic_al-sufi Qfzt,星群 Asterism,The leaps,,筆畫2,2,50372→50801,Tania Borealis→Tania Australis,原文: القفزات
阿拉伯・蘇菲,AST arabic_al-sufi Qfzt,星群 Asterism,The leaps,,筆畫3,2,44127→44471,Talitha→Alkaphrah,原文: القفزات
阿拉伯・蘇菲,AST arabic_al-sufi Thlb,星群 Asterism,The little foxes,,筆畫1,2,55219→55203,Alula Borealis→Alula Australis,原文: الثعيلبات
阿拉伯・蘇菲,AST arabic_al-sufi Thlb,星群 Asterism,The little foxes,,筆畫2,2,50372→50801,Tania Borealis→Tania Australis,原文: الثعيلبات
阿拉伯・蘇菲,AST arabic_al-sufi Thlb,星群 Asterism,The little foxes,,筆畫3,2,44127→44471,Talitha→Alkaphrah,原文: الثعيلبات
阿拉伯・蘇菲,AST arabic_al-sufi Qrai,星群 Asterism,the couples,,筆畫1,2,55219→55203,Alula Borealis→Alula Australis,原文: القرائن
阿拉伯・蘇菲,AST arabic_al-sufi Qrai,星群 Asterism,the couples,,筆畫2,2,50372→50801,Tania Borealis→Tania Australis,原文: القرائن
阿拉伯・蘇菲,AST arabic_al-sufi Qrai,星群 Asterism,the couples,,筆畫3,2,44127→44471,Talitha→Alkaphrah,原文: القرائن
阿拉伯・蘇菲,AST arabic_al-sufi Thib,星群 Asterism,The two wolves,,筆畫1,2,83895→80331,Aldhibah→Athebyne,原文: الذئبان
阿拉伯・蘇菲,AST arabic_al-sufi Hurr,星群 Asterism,The two falcons,,筆畫1,2,83895→80331,Aldhibah→Athebyne,原文: الحران
阿拉伯・蘇菲,AST arabic_al-sufi Awhq,星群 Asterism,The two black birds,,筆畫1,2,83895→80331,Aldhibah→Athebyne,原文: العوهقان
阿拉伯・蘇菲,AST arabic_al-sufi ThCl,星群 Asterism,The wolf claws,,筆畫1,2,85805→86201,Adfar Aldib I→HIP86201,原文: أظفار الذئب
阿拉伯・蘇菲,AST arabic_al-sufi Awth,星群 Asterism,The mother camels,,筆畫1,5,85819→85670→87833→87585→85819,HIP85819→Rastaban→Eltanin→Grumium→HIP85819,原文: العوائذ
阿拉伯・蘇菲,AST arabic_al-sufi Ath1,星群 Asterism,The three stone support (first narrative),,筆畫1,4,96100→92782→94648→96100,Alsafi→Athafi I→Athafi II→Alsafi,原文: الأثافي (الرواية الأولى)
阿拉伯・蘇菲,AST arabic_al-sufi Ath2,星群 Asterism,The three stone support (second narrative),,筆畫1,4,95081→98702→89908→95081,Tais I→Tais II→Aldhiba→Tais I,原文: الأثافي (الرواية الثانية)
阿拉伯・蘇菲,AST arabic_al-sufi Qidr,星群 Asterism,The pot,,筆畫1,11,102422→101093→98962→97892→98073→99655→101084→102431→102775→102727→102422,Kabalfird→Al Kidr→HIP98962→HIP97892→HIP98073→HIP99655→HIP101084→HIP102431→HIP102775→HIP102727→Kabalfird,原文: القدر
阿拉伯・蘇菲,AST arabic_al-sufi Farq,星群 Asterism,The two stars of separation,,筆畫1,2,106032→105199,Alfirk→Alderamin,原文: كوكبا الفرق
阿拉伯・蘇菲,AST arabic_al-sufi Shaa,星群 Asterism,The sheep,,筆畫1,11,107119→112724→117371→3721→5626→5372→109693→101044→99255→101260→107119,HIP107119→HIP112724→HIP117371→HIP3721→HIP5626→HIP5372→HIP109693→HIP101044→Al Aghnam I→HIP101260→HIP107119,原文: الشاء
阿拉伯・蘇菲,AST arabic_al-sufi Rumh,星群 Asterism,The spear,,筆畫1,2,72105→67927,Izar→Muphrid,原文: الرمح
阿拉伯・蘇菲,AST arabic_al-sufi ARu1,星群 Asterism,The front spear tassel,,筆畫1,2,67275→67459,HIP67275→HIP67459,原文: عذبة الرمح الأولى
阿拉伯・蘇菲,AST arabic_al-sufi Slah,星群 Asterism,the weapon,,筆畫1,2,67275→67459,HIP67275→HIP67459,原文: السلاح
阿拉伯・蘇菲,AST arabic_al-sufi ARu2,星群 Asterism,The rear spear tassel,,筆畫1,2,71284→71053,HIP71284→HIP71053,原文: عذبة الرمح الثانية
阿拉伯・蘇菲,AST arabic_al-sufi Dhib,星群 Asterism,The hyenas and their youngsters,鬣狗和它們的幼崽,筆畫1,15,71075→72552→73568→73996→75312→76617→80181→81693→81833→81126→79992→70497→69483→69732→71075,Seginus→HIP72552→HIP73568→HIP73996→HIP75312→HIP76617→HIP80181→HIP81693→HIP81833→HIP81126→HIP79992→Asellus Primus→Asellus Tertius→Xuange→Seginus,原文: الضباع وأولاد الضباع
阿拉伯・蘇菲,AST arabic_al-sufi Fakk,星群 Asterism,The open circle,,筆畫1,8,77048→76127→75695→76267→76952→77512→78159→78493,HIP77048→HIP76127→Nusakan→Alphecca→HIP76952→HIP77512→HIP78159→HIP78493,原文: الفكة
阿拉伯・蘇菲,AST arabic_al-sufi QMas,星群 Asterism,The Bowl Of The Poor,,筆畫1,8,77048→76127→75695→76267→76952→77512→78159→78493,HIP77048→HIP76127→Nusakan→Alphecca→HIP76952→HIP77512→HIP78159→HIP78493,原文: قصعة المساكين
阿拉伯・蘇菲,AST arabic_al-sufi NNas,星群 Asterism,The northern line,,筆畫1,12,93194→92420→88794→87933→86974→85693→84379→80816→80170→79043→78072→77233,Sulafat→Sheliak→HIP88794→HIP87933→HIP86974→Maasym→Sarin→Kornephoros→Nasak Shamiya III→Marsic→Nasak Shamiya II→Nasak Shamiya I,原文: النسق الشآمي
阿拉伯・蘇菲,AST arabic_al-sufi Tama,星群 Asterism,The statues,,筆畫1,4,83207→84380→87808→90139,HIP83207→HIP84380→HIP87808→HIP90139,原文: التماثيل
阿拉伯・蘇菲,AST arabic_al-sufi NasW,星群 Asterism,The landing eagle,著陸之鷹,筆畫1,2,91262→91919,Vega→Double Double I,原文: النسر الواقع
阿拉伯・蘇菲,AST arabic_al-sufi NasW,星群 Asterism,The landing eagle,著陸之鷹,筆畫2,2,91262→91971,Vega→Nasr Alwaki I,原文: النسر الواقع
阿拉伯・蘇菲,AST arabic_al-sufi AzfN,星群 Asterism,The claws,,筆畫1,2,89826→90191,HIP89826→Al Athfar,原文: الأظفار
阿拉伯・蘇菲,AST arabic_al-sufi Fwrs,星群 Asterism,The knights,,筆畫1,5,94779→97165→100453→102488→104732,Fawaris I→Fawaris→Sadr→Aljanah→Fawaris III,原文: الفوارس
阿拉伯・蘇菲,AST arabic_al-sufi Naqa,星群 Asterism,The she-camel,,筆畫1,14,116631→116805→116584→117221→841→2225→2900→3414→3504→3300→2920→746→2599→8886,HIP116631→HIP116805→HIP116584→HIP117221→HIP841→HIP2225→HIP2900→HIP3414→HIP3504→HIP3300→Fulu→Caph→HIP2599→Segin,原文: الناقة
阿拉伯・蘇菲,AST arabic_al-sufi KafK,星群 Asterism,The henna tinted hand,指甲花染過的手,筆畫1,5,8886→6686→4427→3179→746,Segin→Ruchbah→Navi→Shedar→Caph,原文: الكف الخضيب
阿拉伯・蘇菲,AST arabic_al-sufi Said,星群 Asterism,The forearm,,筆畫1,2,13268→14328,Miram→HIP14328,原文: الساعد
阿拉伯・蘇菲,AST arabic_al-sufi Adud,星群 Asterism,The arm,,筆畫1,3,17358→17529→18532,HIP17358→HIP17529→HIP18532,原文: العضد
阿拉伯・蘇菲,AST arabic_al-sufi Mnkb,星群 Asterism,The shoulder,,筆畫1,2,17448→18246,Atik→Atik,原文: المنكب
阿拉伯・蘇菲,AST arabic_al-sufi YThM,星群 Asterism,The extended arm of Al-Thurayya,,筆畫1,11,8886→11020→13268→14328→15863→16826→17358→18532→18614→18246→17448,Segin→HIP11020→Miram→HIP14328→Mirfak→HIP16826→HIP17358→HIP18532→Menkib→Atik→Atik,原文: يد الثريا الممدودة
阿拉伯・蘇菲,AST arabic_al-sufi NTnt,星群 Asterism,The northern tent,,筆畫1,11,28358→23522→17959→14862→36547→47193→51808→33694→29997→33449→28358,HIP28358→HIP23522→HIP17959→HIP14862→HIP36547→HIP47193→HIP51808→HIP33694→HIP29997→HIP33449→HIP28358,原文: الخباء الشآمي
阿拉伯・蘇菲,AST arabic_al-sufi Twab,星群 Asterism,The associates of Al-Ayyuq,,筆畫1,3,28360→23015→25428,Menkalinan→Hassaleh→Elnath,原文: التوابع
阿拉伯・蘇菲,AST arabic_al-sufi Alam,星群 Asterism,The posts,,筆畫1,3,28360→23015→25428,Menkalinan→Hassaleh→Elnath,原文: الأعلام
阿拉伯・蘇菲,AST arabic_al-sufi Jdyn,星群 Asterism,The two kids,,筆畫1,2,23767→23453,Haedus→Saclateni,原文: الجديان
阿拉伯・蘇菲,AST arabic_al-sufi Rawd,星群 Asterism,The desert natural garden and the goats,,筆畫1,12,93194→92420→88794→87933→86974→85693→84379→80816→80170→79043→78072→77233,Sulafat→Sheliak→HIP88794→HIP87933→HIP86974→Maasym→Sarin→Kornephoros→Nasak Shamiya III→Marsic→Nasak Shamiya II→Nasak Shamiya I,原文: الروضة والأغنام
阿拉伯・蘇菲,AST arabic_al-sufi Rawd,星群 Asterism,The desert natural garden and the goats,,筆畫2,9,76276→77070→77622→79593→79882→80628→81377→84012→84893,Nasak Yamani I→Unukalhai→Nasak Yamani II→Yed Prior→Yed Posterior→HIP80628→Saik→Sabik→Aggia,原文: الروضة والأغنام
阿拉伯・蘇菲,AST arabic_al-sufi SNas,星群 Asterism,The southern line,,筆畫1,9,76276→77070→77622→79593→79882→80628→81377→84012→84893,Nasak Yamani I→Unukalhai→Nasak Yamani II→Yed Prior→Yed Posterior→HIP80628→Saik→Sabik→Aggia,原文: النسق اليماني
阿拉伯・蘇菲,AST arabic_al-sufi NasT,星群 Asterism,The flying eagle,飛翔的鷹,筆畫1,2,97649→98036,Altair→Alshain,原文: النسر الطائر
阿拉伯・蘇菲,AST arabic_al-sufi NasT,星群 Asterism,The flying eagle,飛翔的鷹,筆畫2,2,97649→97278,Altair→Tarazed,原文: النسر الطائر
阿拉伯・蘇菲,AST arabic_al-sufi ZlmS,星群 Asterism,The two young male ostriches,,筆畫1,2,93805→96468,Al Thalimain Prior→Al Thalimain Posterior,原文: الظليمان الصغيران
阿拉伯・蘇菲,AST arabic_al-sufi Qaud,星群 Asterism,The young camel,,筆畫1,5,102532→102281→101769→101958→102532,Al Salib→Al Ukud→Rotanev→Sualocin→Al Salib,原文: القعود
阿拉伯・蘇菲,AST arabic_al-sufi Dalw,星群 Asterism,The well bucket,,筆畫1,2,115250→115623,Salm→Alkarab,原文: الدلو
阿拉伯・蘇菲,AST arabic_al-sufi Dalw,星群 Asterism,The well bucket,,筆畫2,2,113881→677,Scheat→Alpheratz,原文: الدلو
阿拉伯・蘇菲,AST arabic_al-sufi Dalw,星群 Asterism,The well bucket,,筆畫3,2,113881→1067,Scheat→Algenib,原文: الدلو
阿拉伯・蘇菲,AST arabic_al-sufi Dalw,星群 Asterism,The well bucket,,筆畫4,2,113963→677,Markab→Alpheratz,原文: الدلو
阿拉伯・蘇菲,AST arabic_al-sufi Dalw,星群 Asterism,The well bucket,,筆畫5,2,113963→1067,Markab→Algenib,原文: الدلو
阿拉伯・蘇菲,AST arabic_al-sufi Mqdm,星群 Asterism,The front bucket mouth,,筆畫1,2,113881→113963,Scheat→Markab,原文: الفرغ المقدم
阿拉伯・蘇菲,AST arabic_al-sufi Mkhr,星群 Asterism,The rear bucket mouth,,筆畫1,2,677→1067,Alpheratz→Algenib,原文: الفرغ المؤخر
阿拉伯・蘇菲,AST arabic_al-sufi Krab,星群 Asterism,The bucket rope knot,,筆畫1,2,115250→115623,Salm→Alkarab,原文: الكرب
阿拉伯・蘇菲,AST arabic_al-sufi Naam,星群 Asterism,The well poles,,筆畫1,2,115250→115623,Salm→Alkarab,原文: النعام
阿拉伯・蘇菲,AST arabic_al-sufi SBhm,星群 Asterism,The lucky star of the young sheep,,筆畫1,2,109427→109068,Biham→Fum al Faras,原文: سعد البهام
阿拉伯・蘇菲,AST arabic_al-sufi SHmm,星群 Asterism,The lucky star of the one with great endeavour,,筆畫1,2,112029→112447,Homam→Suudalnujum,原文: سعد الهمام
阿拉伯・蘇菲,AST arabic_al-sufi SBar,星群 Asterism,The lucky star of the excellent one,,筆畫1,2,112440→112748,Sadalnazi→Sadalbari,原文: سعد البارع
阿拉伯・蘇菲,AST arabic_al-sufi SMtr,星群 Asterism,The lucky star of Mattar,,筆畫1,2,112158→112051,Matar→Sadalmatar,原文: سعد مطر
阿拉伯・蘇菲,AST arabic_al-sufi BTha,星群 Asterism,The fox place,,筆畫1,9,3810→3632→2903→2224→2219→2568→3138→3685→3810,HIP3810→HIP3632→HIP2903→HIP2224→HIP2219→HIP2568→HIP3138→HIP3685→HIP3810,原文: بلدة الثعلب
阿拉伯・蘇菲,AST arabic_al-sufi Hoot,星群 Asterism,The fish,,筆畫1,16,3231→2912→3092→3031→3693→4463→5132→5310→5454→5571→5742→6193→5447→4436→3881→3231,HIP3231→HIP2912→HIP3092→HIP3031→HIP3693→HIP4463→HIP5132→HIP5310→HIP5454→HIP5571→HIP5742→HIP6193→Mirach→HIP4436→HIP3881→HIP3231,原文: الحوت
阿拉伯・蘇菲,AST arabic_al-sufi Aybs,星群 Asterism,The two forelegs of the lamb,,筆畫1,2,8796→10064,Mothallah→Mizan,原文: الأيبسان
阿拉伯・蘇菲,AST arabic_al-sufi Sha1,星群 Asterism,The two signs (first narrative),,筆畫1,2,8903→8832,Sheratan→Mesarthim,原文: الشرطان (الرواية الأولى)
阿拉伯・蘇菲,AST arabic_al-sufi Sha2,星群 Asterism,The two signs (second narrative),,筆畫1,2,9884→8903,Hamal→Sheratan,原文: الشرطان (الرواية الثانية)
阿拉伯・蘇菲,AST arabic_al-sufi Ash1,星群 Asterism,The signs (first narrative),,筆畫1,3,8903→8832→9110,Sheratan→Mesarthim→HIP9110,原文: الأشراط (الرواية الأولى)
阿拉伯・蘇菲,AST arabic_al-sufi Ash2,星群 Asterism,The signs (second narrative),,筆畫1,3,9884→8903→8832,Hamal→Sheratan→Mesarthim,原文: الأشراط (الرواية الثانية)
阿拉伯・蘇菲,AST arabic_al-sufi Btyn,星群 Asterism,The little abdomen,,筆畫1,4,14838→13914→13702→14838,Botein→Al Butain III→HIP13702→Botein,原文: البطين
阿拉伯・蘇菲,AST arabic_al-sufi Thur,星群 Asterism,Al-Thurayya,,筆畫1,5,17573→17499→17702→17847→17573,Maia→Electra→Alcyone→Atlas→Maia,原文: الثريا
阿拉伯・蘇菲,AST arabic_al-sufi Qils,星群 Asterism,The young she-camels,,筆畫1,6,20250→19038→18724→20901→23497→20250,Alkalbain I→HIP19038→HIP18724→HIP20901→HIP23497→Alkalbain I,原文: القلاص
阿拉伯・蘇菲,AST arabic_al-sufi DDog,星群 Asterism,The two dogs of Al-Dabaran,,筆畫1,2,20711→20635,Alkalbain V→Alkalbain III,原文: كلبا الدبران
阿拉伯・蘇菲,AST arabic_al-sufi Mabs,星群 Asterism,The extended arm [of the lion],,筆畫1,2,36850→37826,Castor→Pollux,原文: الذراع المبسوطة
阿拉伯・蘇菲,AST arabic_al-sufi Azfa,星群 Asterism,The claws,,筆畫1,2,36366→37629,HIP36366→HIP37629,原文: الأظفار
阿拉伯・蘇菲,AST arabic_al-sufi Han1,星群 Asterism,The downward bend (first narrative),,筆畫1,2,31681→32362,Alhena→Alzirr,原文: الهنعة (الرواية الأولى)
阿拉伯・蘇菲,AST arabic_al-sufi Han2,星群 Asterism,The downward bend (second narrative),,筆畫1,2,30883→31681,Nucatai→Alhena,原文: الهنعة (الرواية الثانية)
阿拉伯・蘇菲,AST arabic_al-sufi Tah1,星群 Asterism,Stars Of Abundant Rain (first narrative),,筆畫1,3,29655→30343→30883,Propus→Tejat→Nucatai,原文: التحايي (الرواية الأولى)
阿拉伯・蘇菲,AST arabic_al-sufi Tah2,星群 Asterism,Stars Of Abundant Rain (second narrative),,筆畫1,3,28734→29655→30343,HIP28734→Propus→Tejat,原文: التحايي (الرواية الثانية)
阿拉伯・蘇菲,AST arabic_al-sufi QaJa,星群 Asterism,Bow of Al-Jawza,,筆畫1,8,30419→31216→31978→32362→31681→30883→30343→29655,HIP30419→HIP31216→HIP31978→Alzirr→Alhena→Nucatai→Tejat→Propus,原文: قوس الجوزاء
阿拉伯・蘇菲,AST arabic_al-sufi Nath,星群 Asterism,Nostrils [of the lion],,筆畫1,2,42806→42911,Asellus Borealis→Asellus Australis,原文: النثرة
阿拉伯・蘇菲,AST arabic_al-sufi FAsd,星群 Asterism,Mouth of the lion,,筆畫1,3,42806→42556→42911,Asellus Borealis→Meleph→Asellus Australis,
阿拉伯・蘇菲,AST arabic_al-sufi Tarf,星群 Asterism,The eyes [of the lion],,筆畫1,2,44798→46750,HIP44798→Alterf,原文: الطرف
阿拉伯・蘇菲,AST arabic_al-sufi NAsh,星群 Asterism,Northern eyelashes roots,,筆畫1,3,46146→47908→48455,Al Minlear al Asad→Algenubi→Rasalas,原文: الأشفار الشمالية
阿拉伯・蘇菲,AST arabic_al-sufi SAsh,星群 Asterism,Southern eyelashes roots,,筆畫1,2,46771→45410,HIP46771→HIP45410,原文: الأشفار الجنوبية
阿拉伯・蘇菲,AST arabic_al-sufi Jabh,星群 Asterism,Forehead [of the lion],,筆畫1,4,50335→50583→49583→49669,Adhafera→Algieba→Al Jabhah→Regulus,原文: الجبهة
阿拉伯・蘇菲,AST arabic_al-sufi Zubr,星群 Asterism,Mane of the lion,,筆畫1,2,54872→54879,Zosma→Chertan,原文: الزبرة
阿拉伯・蘇菲,AST arabic_al-sufi Awwa,星群 Asterism,The bend,,筆畫1,5,63608→63090→61941→60129→57757,Vindemiatrix→Minelauva→Porrima→Zaniah→Zavijava,原文: العوا
阿拉伯・蘇菲,AST arabic_al-sufi Ghfr,星群 Asterism,The tassel,,筆畫1,3,69701→69427→69974,Syrma→Kang→Khambaliya,原文: الغفر
阿拉伯・蘇菲,AST arabic_al-sufi Zban,星群 Asterism,Claws of the scorpion,,筆畫1,2,72622→74785,Zubenelgenubi II→Zubeneschamali,原文: الزبانى
阿拉伯・蘇菲,AST arabic_al-sufi IklS,星群 Asterism,The diadem (according to Al-Sufi),,筆畫1,3,77853→76880→76742,HIP77853→HIP76880→HIP76742,原文: الإكليل (تحديد الصوفي)
阿拉伯・蘇菲,AST arabic_al-sufi IklA,星群 Asterism,The diadem (as narrated by Arabs),,筆畫1,3,78820→78401→78265,Acrab→Dschubba→Fang,原文: الإكليل (رواية العرب)
阿拉伯・蘇菲,AST arabic_al-sufi Niat,星群 Asterism,Veins of the heart,,筆畫1,2,80112→81266,Alniyat→Paikauhale,原文: النياط
阿拉伯・蘇菲,AST arabic_al-sufi Fiqr,星群 Asterism,Tail segments of the scorpion,,筆畫1,7,82396→82514→82729→84143→86228→87073→86670,Larawag→Xamidimura→HIP82729→HIP84143→Sargas→Girtab→Mula,原文: الفقرات
阿拉伯・蘇菲,AST arabic_al-sufi Shwl,星群 Asterism,Raised Tail of the Scorpion,,筆畫1,2,85927→85696,Shaula→Lesath,原文: الشولة
阿拉伯・蘇菲,AST arabic_al-sufi Ibra,星群 Asterism,the sting,,筆畫1,2,85927→85696,Shaula→Lesath,原文: الإبرة
阿拉伯・蘇菲,AST arabic_al-sufi NaaW,星群 Asterism,The Ostriches drinking at the river,,筆畫1,5,88635→89642→90185→89931→88635,Alnasl→Hamalwarid→Kaus Australis→Kaus Media→Alnasl,原文: النعام الوارد
阿拉伯・蘇菲,AST arabic_al-sufi NaaS,星群 Asterism,The Ostriches leaving the river,,筆畫1,5,92855→93864→93506→92041→92855,Nunki→Namalsadirah II→Ascella→Namalsadirah I→Nunki,原文: النعام الصادر
阿拉伯・蘇菲,AST arabic_al-sufi Zlmn,星群 Asterism,The two male ostriches,,筆畫1,2,90496→89341,Kaus Borealis→Polis,原文: الظليمان
阿拉伯・蘇菲,AST arabic_al-sufi Wasl,星群 Asterism,The link,,筆畫1,2,89931→89931,Kaus Media→Kaus Media,原文: الوصل
阿拉伯・蘇菲,AST arabic_al-sufi Wasl,星群 Asterism,The link,,筆畫2,2,90185→90185,Kaus Australis→Kaus Australis,原文: الوصل
阿拉伯・蘇菲,AST arabic_al-sufi Wasl,星群 Asterism,The link,,筆畫3,2,93506→93506,Ascella→Ascella,原文: الوصل
阿拉伯・蘇菲,AST arabic_al-sufi Wasl,星群 Asterism,The link,,筆畫4,2,92041→92041,Namalsadirah I→Namalsadirah I,原文: الوصل
阿拉伯・蘇菲,AST arabic_al-sufi Audh,星群 Asterism,The Ostrich nest,,筆畫1,6,93085→93683→94141→94820→95168→95176,HIP93085→HIP93683→Albaldah→HIP94820→HIP95168→HIP95176,原文: الأدحي
阿拉伯・蘇菲,AST arabic_al-sufi Qlda,星群 Asterism,The necklace,,筆畫1,6,93085→93683→94141→94820→95168→95176,HIP93085→HIP93683→Albaldah→HIP94820→HIP95168→HIP95176,原文: القلادة
阿拉伯・蘇菲,AST arabic_al-sufi Blda,星群 Asterism,The empty place,,筆畫1,12,96760→96274→95645→95564→95577→96044→96440→97031→97290→97417→97138→96760,HIP96760→HIP96274→HIP95645→HIP95564→HIP95577→HIP96044→HIP96440→HIP97031→HIP97290→HIP97417→HIP97138→HIP96760,原文: البلدة
阿拉伯・蘇菲,AST arabic_al-sufi Surd,星群 Asterism,The two shrikes,,筆畫1,2,98412→98032,HIP98412→HIP98032,原文: الصردان
阿拉伯・蘇菲,AST arabic_al-sufi SDab,星群 Asterism,The lucky star of the slaughterer,,筆畫1,2,100027→100345,Prima Giedi→Dabih,原文: سعد الذابح
阿拉伯・蘇菲,AST arabic_al-sufi SNsh,星群 Asterism,The lucky star of Nashira,,筆畫1,2,106985→107556,Nashira→Deneb Algedi,原文: سعد ناشرة
阿拉伯・蘇菲,AST arabic_al-sufi SMLK,星群 Asterism,The lucky star of the king,,筆畫1,2,109074→108874,Sadalmelik→Sadalmulk,原文: سعد الملك
阿拉伯・蘇菲,AST arabic_al-sufi SSud,星群 Asterism,The luckiest of the lucky stars,,筆畫1,3,106278→106786→107382,Sadalsuud→Bunda→HIP107382,原文: سعد السعود
阿拉伯・蘇菲,AST arabic_al-sufi SBul,星群 Asterism,The lucky star of the swallower,,筆畫1,3,102618→103045→103401,Albali→Albulan I→HIP103401,原文: سعد بلع
阿拉伯・蘇菲,AST arabic_al-sufi SAkh,星群 Asterism,The lucky star of the tents,,筆畫1,3,110672→110395→111497,Seat→Sadachbia→HIP111497,原文: سعد الأخبية
阿拉伯・蘇菲,AST arabic_al-sufi SAkh,星群 Asterism,The lucky star of the tents,,筆畫2,2,110395→110960,Sadachbia→Sadaltager,原文: سعد الأخبية
阿拉伯・蘇菲,AST arabic_al-sufi Ribq,星群 Asterism,The ringed rope,,筆畫1,10,118268→1645→2548→3786→4906→5737→7007→7884→8833→9487,HIP118268→HIP1645→HIP2548→Kuton I→HIP4906→Revati→HIP7007→HIP7884→HIP8833→Alrescha,原文: الربق
阿拉伯・蘇菲,AST arabic_al-sufi KafJ,星群 Asterism,The short hand,,筆畫1,7,16369→16322→16083→15900→14135→13954→12828,HIP16369→HIP16322→HIP16083→HIP15900→Menkar→Menkar→HIP12828,原文: الكف الجذماء
阿拉伯・蘇菲,AST arabic_al-sufi KafJ,星群 Asterism,The short hand,,筆畫2,3,14135→12706→11484,Menkar→Kaffaljidhma→Al Kaff al Jidhmah II,原文: الكف الجذماء
阿拉伯・蘇菲,AST arabic_al-sufi KafJ,星群 Asterism,The short hand,,筆畫3,2,14135→12387,Menkar→Al Kaff al Jidhmah III,原文: الكف الجذماء
阿拉伯・蘇菲,AST arabic_al-sufi Nmat,星群 Asterism,The ostriches,,筆畫1,5,9347→8102→8645→6537→5364,Al Naymat III→Al Naymat II→Baten Kaitos→Al Naymat I→Dheneb,原文: النعامات
阿拉伯・蘇菲,AST arabic_al-sufi Haqa,星群 Asterism,The circular mark,,筆畫1,4,26207→26176→26366→26207,Meissa→Heka→HIP26366→Meissa,原文: الهقعة
阿拉伯・蘇菲,AST arabic_al-sufi FqJa,星群 Asterism,The backbone of Al-Jawza,,筆畫1,3,25930→26311→26727,Mintaka→Alnilam→Alnitak,原文: فقار الجوزاء
阿拉伯・蘇菲,AST arabic_al-sufi NtJa,星群 Asterism,The belt of Al-Jawza,,筆畫1,3,25930→26311→26727,Mintaka→Alnilam→Alnitak,原文: نطاق الجوزاء
阿拉伯・蘇菲,AST arabic_al-sufi Nazm,星群 Asterism,The string,,筆畫1,3,25930→26311→26727,Mintaka→Alnilam→Alnitak,原文: النظم
阿拉伯・蘇菲,AST arabic_al-sufi SfJb,星群 Asterism,Sword of Orion,,筆畫1,3,26237→26235→26241,Mizan Batil I→Mizan Batil II→Hatysa,原文: سيف الجبار
阿拉伯・蘇菲,AST arabic_al-sufi laat,星群 Asterism,The facial line tattoo,,筆畫1,3,26237→26235→26241,Mizan Batil I→Mizan Batil II→Hatysa,原文: اللعط
阿拉伯・蘇菲,AST arabic_al-sufi ThJa,星群 Asterism,Hair braids of Al-Jawza,,筆畫1,9,24010→23607→22957→22845→22509→22449→22549→22797→23123,HIP24010→HIP23607→Al Kumm II→Al Taj IV→Al Taj I→Tabit→Al Taj II→Al Taj III→Al Taj V,原文: ذوائب الجوزاء
阿拉伯・蘇菲,AST arabic_al-sufi TjJa,星群 Asterism,Crown of Al-Jawza,,筆畫1,9,24010→23607→22957→22845→22509→22449→22549→22797→23123,HIP24010→HIP23607→Al Kumm II→Al Taj IV→Al Taj I→Tabit→Al Taj II→Al Taj III→Al Taj V,原文: تاج الجوزاء
阿拉伯・蘇菲,AST arabic_al-sufi KJMq,星群 Asterism,The front footstool of Al-Jawza,,筆畫1,5,23972→23364→23875→24674→23972,Kursi al Jauzah II→Kursi al Jauzah I→Cursa→HIP24674→Kursi al Jauzah II,原文: كرسي الجوزاء المقدم
阿拉伯・蘇菲,AST arabic_al-sufi UdN1,星群 Asterism,The ostriches nest,,筆畫1,11,15197→14293→13701→12444→12390→12770→12843→13288→14146→15474→16611,Zibal→Aludhi III→Azha→HIP12444→Sadr al Kaitos III→Sadr al Kaitos IV→HIP12843→Angetenar→HIP14146→HIP15474→HIP16611,原文: أدحي النعام
阿拉伯・蘇菲,AST arabic_al-sufi BdQd,星群 Asterism,Eggs and egg shells,,筆畫1,4,18543→17593→17378→16537,Zaurak→HIP17593→Rana→Ran,原文: البيض والقيض
阿拉伯・蘇菲,AST arabic_al-sufi BdQd,星群 Asterism,Eggs and egg shells,,筆畫1,4,17651→17717→18216→18673,HIP17651→HIP17717→HIP18216→HIP18673,原文: البيض والقيض
阿拉伯・蘇菲,AST arabic_al-sufi Rial,星群 Asterism,The young ostriches,,筆畫1,5,13147→14284→113189→116482→13147,HIP13147→HIP14284→HIP113189→HIP116482→HIP13147,原文: الرئال
阿拉伯・蘇菲,AST arabic_al-sufi Nhal,星群 Asterism,The camels that quenched their thirst,,筆畫1,5,25985→25606→27072→27654→25985,Arneb→Nihal→Kursi al Jabbar→Arsh al Jauzah→Arneb,原文: النهال
阿拉伯・蘇菲,AST arabic_al-sufi KJMr,星群 Asterism,The rear footstool of Al-Jawza,,筆畫1,5,25985→25606→27072→27654→25985,Arneb→Nihal→Kursi al Jabbar→Arsh al Jauzah→Arneb,原文: كرسي الجوزاء المؤخر
阿拉伯・蘇菲,AST arabic_al-sufi Athr,星群 Asterism,The virgins,,筆畫1,4,33977→34444→33579→35904,Al Zara→Wezen→Adhara→Aludra,原文: العذارى
阿拉伯・蘇菲,AST arabic_al-sufi Aghb,星群 Asterism,The ravens,,筆畫1,9,25859→29034→29807→30277→30788→30122→27204→27810→28199,HIP25859→Elkurud→Kurud II→HIP30277→HIP30788→Furud→HIP27204→HIP27810→HIP28199,原文: الأغربة
阿拉伯・蘇菲,AST arabic_al-sufi Qrud,星群 Asterism,The monkeys,,筆畫1,9,25859→29034→29807→30277→30788→30122→27204→27810→28199,HIP25859→Elkurud→Kurud II→HIP30277→HIP30788→Furud→HIP27204→HIP27810→HIP28199,原文: القرود
阿拉伯・蘇菲,AST arabic_al-sufi Maqb,星群 Asterism,Retracted arm of the lion,,筆畫1,2,36188→37279,Gomeisa→Procyon,原文: الذراع المقبوضة
阿拉伯・蘇菲,AST arabic_al-sufi Shrs,星群 Asterism,The tied camels,,筆畫1,11,47452→48356→49402→51069→52085→52943→54682→54204→56343→56922→57936,Al Sharasif I→Zhang→HIP49402→HIP51069→HIP52085→HIP52943→Al Sharasif→HIP54204→HIP56343→HIP56922→HIP57936,原文: الشراسيف
阿拉伯・蘇菲,AST arabic_al-sufi Khyl,星群 Asterism,The horses and the foals,,筆畫1,11,42799→42402→42313→43109→43813→44659→45336→46776→47431→46509→46404,Minazal II→Minchir→Minazal I→Ashlesha→Minazal V→HIP44659→HIP45336→Ukdah II→Ukdah→Ukdah I→HIP46404,原文: الخيل وأفلاء الخيل
阿拉伯・蘇菲,AST arabic_al-sufi Khyl,星群 Asterism,The horses and the foals,,筆畫2,8,47431→49641→51437→53273→53907→55084→56127→56647,Ukdah→HIP49641→HIP51437→HIP53273→HIP53907→HIP55084→HIP56127→HIP56647,原文: الخيل وأفلاء الخيل
阿拉伯・蘇菲,AST arabic_al-sufi Malf,星群 Asterism,The trough,,筆畫1,6,56633→55687→55282→55705→57283→58188,HIP56633→HIP55687→HIP55282→HIP55705→HIP57283→HIP58188,原文: المعلف
阿拉伯・蘇菲,AST arabic_al-sufi 43Crv01,星群 Asterism,The southern tent,,筆畫1,5,59316→61359→60965→59803→59316,Minkar→Kraz→Algorab→Gienah→Minkar,原文: الخباء اليماني
阿拉伯・蘇菲,AST arabic_al-sufi ASmA,星群 Asterism,The throne of the armless high one,,筆畫1,5,59316→61359→60965→59803→59316,Minkar→Kraz→Algorab→Gienah→Minkar,原文: عرش السماك الأعزل
阿拉伯・蘇菲,AST arabic_al-sufi Ajml,星群 Asterism,The camels,,筆畫1,5,59316→61359→60965→59803→59316,Minkar→Kraz→Algorab→Gienah→Minkar,原文: الأجمال
阿拉伯・蘇菲,AST arabic_al-sufi AAsd,星群 Asterism,The lion buttock,,筆畫1,5,59316→61359→60965→59803→59316,Minkar→Kraz→Algorab→Gienah→Minkar,原文: عجز الأسد
阿拉伯・蘇菲,AST arabic_al-sufi Shmr,星群 Asterism,The date clusters,,筆畫1,19,67786→67153→65109→59196→59449→59747→60718→71908→74395→74911→75264→76297→78384→78918→78105→77634→74604→72010→67786,HIP67786→HIP67153→HIP65109→HIP59196→HIP59449→Imai→Acrux→HIP71908→HIP74395→HIP74911→HIP75264→HIP76297→HIP78384→HIP78918→HIP78105→HIP77634→HIP74604→HIP72010→HIP67786,原文: الشماريخ
阿拉伯・蘇菲,AST arabic_al-sufi Mlfn,星群 Asterism,The oath stars,,筆畫1,2,71683→68702,Alpha Centauri→Hadar,原文: المحلفان
阿拉伯・蘇菲,AST arabic_al-sufi Qbba,星群 Asterism,The domed tent,,筆畫1,12,90422→92308→92953→93542→94005→94160→94114→93825→93174→91875→90887→90422,HIP90422→HIP92308→HIP92953→HIP93542→HIP94005→HIP94160→Meridiana→HIP93825→HIP93174→HIP91875→HIP90887→HIP90422,原文: القبة
阿拉伯・蘇菲,AST arabic_al-sufi UdN2,星群 Asterism,The ostriches nest,,筆畫1,12,90422→92308→92953→93542→94005→94160→94114→93825→93174→91875→90887→90422,HIP90422→HIP92308→HIP92953→HIP93542→HIP94005→HIP94160→Meridiana→HIP93825→HIP93174→HIP91875→HIP90887→HIP90422,原文: أدحي النعام
