分類,Stellarium ID,英文名 English,原文名 Native,讀音 Pronounce,IPA,繁中譯名 zh_TW,星數,組成恆星 (HIP),對應國際星名,Stellarium 描述,社團清單,社團補充備註,參考文獻#
星座/星官,CON egyptian 001,Bull's Foreleg,,,,公牛的前肢,7,67301 65378 62956 59774 54061 53910 58001,Alkaid、Mizar、Alioth、Megrez、Dubhe、Merak、Phecda,,✓,12h39m11.0s +57˚12’53.6’’,
星座/星官,CON egyptian 002,Two Poles,,,,二竿柱,9,68756 75097 72607 99255 94376 75458 78527 80331 83895,Thuban、Pherkad、Kochab、Al Aghnam I、Altais、Edasich、Athebyne、Aldhibah,,✓,16h40m54.8s +71˚22’01.8’’,
星座/星官,CON egyptian 003,Lion,,,,獅子,11,57632 54872 53954 49583 50583 50335 48455 47908 49669 47508 54879,Denebola、Zosma、Al Jabhah、Algieba、Adhafera、Rasalas、Algenubi、Regulus、Subra、Chertan,,✓,10h30m49.1s +18˚39’41.0’’,
星座/星官,CON egyptian 004,Two Jaws,,,,雙下巴,5,8886 6686 4427 3179 746,Segin、Ruchbah、Navi、Shedar、Caph,,✓,00h57m56.4s +62˚02’12.3’’,
星座/星官,CON egyptian 005,Sah,,,,薩赫 (獵戶的星神，後與歐西里斯合一),26,27072 28103 29651 30867 27366 26234 26727 27989 26594 25930 26311 25281 25247 24436 23875 22797 22549 22449 24244 24327 24305 23685 21393 25985 25606 25859,Kursi al Jabbar、Saiph、Alnitak、Betelgeuse、Mintaka、Alnilam、Saif al Jabbar、Rigel、Cursa、Al Taj III、Al Taj II、Tabit、Theemin、Arneb、Nihal,,✓,05h44m20.9s -14˚02’53.6’’,
星座/星官,CON egyptian 006,Bird,,,,鳥,14,8796 10064 14668 12777 13268 15863 19167 19812 17271 18614 17467 14576 13254 10670,Mothallah、Mizan、Misam、Miram、Mirfak、Menkib、Algol,,✓,02h54m09.2s +40˚20’02.5’’,
星座/星官,CON egyptian 007,Sek,,,,Sek,12,40526 44659 45336 47431 55282 55705 56343 54204 51069 48356 46390 42402,Tarf、Ukdah、Zhang、Alphard、Minchir,,✓,09h46m52.6s -12˚25’24.2’’,
星座/星官,CON egyptian 008,Triangle,,,,三角形,3,33160 32349 34045,Sirius、Muliphein,,✓,06h54m21.1s -14˚48’22.0’’,
星座/星官,CON egyptian 009,Ferry Boat,,,,渡輪,2,39429 39953,Naos、Regor,,✓,08h06m20.7s -43˚40’17.2’’,
星座/星官,CON egyptian 010,Boat,,,,天船,14,107128 105515 105668 104459 103398 107556 106985 106039 105881 104234 102978 102485 100345 100064,Albulan II、Deneb Algedi、Nashira、Dabih、Algedi,,✓,20h58m46.2s -18˚11’12.9’’,
星座/星官,CON egyptian 011,Crocodile,,,,鱷魚,10,89826 88794 86974 85693 84379 80816 77450 76852 78554 86399,Maasym、Sarin、Kornephoros、Gudja,,✓,16h54m26.4s +29˚19’36.7’’,
星座/星官,CON egyptian 012,Selkis,,,,賽爾凱斯 (蠍子女神),10,72622 65474 61941 56647 55434 57380 63090 63608 66249 72220,Zubenelgenubi II、Spica、Porrima、Minelauva、Vindemiatrix、Heze,,✓,13h04m04.03s -05˚34’35.1’’,
星座/星官,CON egyptian 013,Prow,,,,船首,11,78820 78401 78265 80112 80763 82396 82729 84143 86228 85927 86670,Acrab、Dschubba、Fang、Alniyat、Antares、Larawag、Sargas、Shaula、Mula,,✓,16h45m33.8s -31˚54’43.9’’,
星座/星官,CON egyptian 014,Horus,,,,荷魯斯 (天空之神),20,64394 60742 55219 53229 51233 50801 50372 54539 57399 61317 63125 49593 45860 46146 43103 44700 44248 43531 44127 46853,Al Dafirah、Alula Borealis、Praecipua、Tania Australis、Tania Borealis、Taiyangshou、Chara、Cor Caroli、Al Minlear al Asad、Zubanah、Talitha、Alhaud V,,✓,10h59m52.2s +32˚46’17.0’’,
星座/星官,CON egyptian 015,Sheepfold,,,,羊欄,4,12828 11484 12706 14135,Al Kaff al Jidhmah II、Kaffaljidhma、Menkar,,✓,02h45m17.3s +06˚17’33.1’’,
星座/星官,CON egyptian 016,Giant,,,,巨人,30,111944 111104 109410 107354 109176 113881 115623 677 1067 116771 113963 107348 105502 103527 101769 101958 102532 102281 103571 104987 107315 109427 111497 110395 106278 112029 112447 103512 97649 97278,Scheat、Alkarab、Alpheratz、Algenib、Markab、Musica、Rotanev、Sualocin、Al Salib、Al Ukud、Kitalpha、Enif、Biham、Sadachbia、Sadalsuud、Homam、Suudalnujum、Altair、Tarazed,,✓,21h59m04.7s +16˚31’14.3’’,
星座/星官,CON egyptian 017,Hippopotamus,,,,河馬,19,92420 91262 92791 91971 87563 87808 83207 81693 78159 76952 76267 72659 72105 71075 73555 76041 82321 85670 87833,Sheliak、Vega、Nasr Alwaki I、Alphecca、Izar、Seginus、Nekkar、Rastaban、Eltanin,,✓,16h41m47.0s +31˚37’17.7’’,
星座/星官,CON egyptian 018,Flock,,,,一群,6,17851 17847 17702 17531 17499 17608,Pleione、Atlas、Alcyone、Taygeta、Electra、Merope,,✓,03h47m05.7s +24˚07’55.6’’,
星座/星官,CON egyptian 019,Pair of Stars,,,,一對星星,2,37826 36850,Pollux、Castor,,✓,07h40m01.3s +29˚57’50.6’’,
星座/星官,CON egyptian 020,Khanuwy Fish,,,,Khanuwy 魚,4,95241 98032 95347 97749,Arkab Prior、Rukbat,,✓ 模糊對應（社團原文「Knanuwy fish」）,19h37m48.0s -42˚13’26.9’’,
星座/星官,CON egyptian 021,Net,,,,畢宿,5,93174 93825 94114 94160 93542,Meridiana,,✓,19h04m51.4s -39˚34’54.2’’,
星座/星官,CON egyptian 022,Jaw,,,,下巴,5,20889 20455 20205 20894 21421,Ain、Secunda Hyadum、Prima Hyadum、Chamukuy、Aldebaran,,✓,04h25m53.9s +16˚43’29.8’’,
星座/星官,CON egyptian 023,Mooring Post,,,,停泊站,3,69673 67927 67301,Arcturus、Muphrid、Alkaid,,✓,13h51m +33˚51’40.2’’,
星座/星官,CON egyptian 024,Kenemet,,,,Kenemet,4,34444 32349 30324 33579,Wezen、Sirius、Mirzam、Adhara,,✓,06h44m50.0s -22˚16’21.3’’,
星座/星官,CON egyptian 025,Chematy,,,,Chematy,4,45941 42913 41037 45556,Markeb、Alsephina、Avior、Aspidiske,,✓,08h54m06.2s -57˚28’48.6’’,
星座/星官,CON egyptian 026,Waty Bekety,,,,Waty Bekety,4,61084 59747 60718 62434,Gacrux、Imai、Acrux、Mimosa,,✓,12h29m04.3s -60˚06’440’’,
星座/星官,CON egyptian 027,Sheep,,,,羊,4,108085 109268 112623 110997,Aldhanab、Alnair,,✓,22h17m59.4s -44˚32’20.3’’,
星座/星官,CON egyptian 028,Stars of Water,,,,水的星星,4,42628 42201 42133 42673,,,✓,08h38m15.4s +20˚02’11.1’’,
具名深空天體/其他,NAME Jupiter,Horus Who Limits the Two Lands,,,,限制兩地的荷魯斯,,,Jupiter,,✓（社團原文「Horus who limits the two lands - jupiter」）,jupiter,
具名深空天體/其他,NAME Mars,Horus of the Horizon,,,,地平線的荷魯斯,,,Mars,,✓（社團原文「Horus of the horizon - mars」）,mars,
具名深空天體/其他,NAME Mercury,Associated with Set,,Sebegu,,與套裝相關,,,Mercury,,✓（社團原文「Associated with Set - mercury」）,mercury,
具名深空天體/其他,NAME Saturn,Horus the Bull of the Sky,,,,荷魯斯·天空公牛,,,Saturn,,✓（社團原文「Horus the bull of the sky - saturn」）,saturn,
具名深空天體/其他,NAME Venus,God of the Morning,,,,晨神,,,Venus,,✓（社團原文「God of the morning - Venus」）,Venus,
具名恆星,HIP 37279,Procyon,,,,,,,Procyon,,,,
具名恆星,HIP 32349,Sirius,,,,,,,Sirius,,,,
